"","Date_Time","Year","Month","Day","MaxTemp","MinTemp","MeanTemp","HeatDegDays","CoolDegDays","TotalPrecip","SnowGround","Station","GDD"
"1",2016-01-01,2016,1,1,1,-10,-4.5,22.5,0,1,1,"Lethbridge",0
"2",2016-01-02,2016,1,2,2,-5,-1.5,19.5,0,0,2,"Lethbridge",0
"3",2016-01-03,2016,1,3,0,-5,-2.5,20.5,0,12.5,0,"Lethbridge",0
"4",2016-01-04,2016,1,4,-2,-4,-3,21,0,1,13,"Lethbridge",0
"5",2016-01-05,2016,1,5,-8,-15,-11.5,29.5,0,0,14,"Lethbridge",0
"6",2016-01-06,2016,1,6,-1.5,-16,-8.8,26.8,0,0,14,"Lethbridge",0
"7",2016-01-07,2016,1,7,2,-8,-3,21,0,0,14,"Lethbridge",0
"8",2016-01-08,2016,1,8,-7,-15,-11,29,0,0,14,"Lethbridge",0
"9",2016-01-09,2016,1,9,-5,-15,-10,28,0,0,14,"Lethbridge",0
"10",2016-01-10,2016,1,10,-4,-10,-7,25,0,0,14,"Lethbridge",0
"11",2016-01-11,2016,1,11,4,-16,-6,24,0,11,14,"Lethbridge",0
"12",2016-01-12,2016,1,12,1,-2,-0.5,18.5,0,0,4,"Lethbridge",0
"13",2016-01-13,2016,1,13,1,-18,-8.5,26.5,0,10,4,"Lethbridge",0
"14",2016-01-14,2016,1,14,-0.5,-3,-1.8,19.8,0,0,12,"Lethbridge",0
"15",2016-01-15,2016,1,15,-3,-15,-9,27,0,0,12,"Lethbridge",0
"16",2016-01-16,2016,1,16,0,-9,-4.5,22.5,0,0,12,"Lethbridge",0
"17",2016-01-17,2016,1,17,0,-2,-1,19,0,0,12,"Lethbridge",0
"18",2016-01-18,2016,1,18,1,-5,-2,20,0,11,12,"Lethbridge",0
"19",2016-01-19,2016,1,19,0,-8,-4,22,0,5,23,"Lethbridge",0
"20",2016-01-20,2016,1,20,0,-10,-5,23,0,0,28,"Lethbridge",0
"21",2016-01-21,2016,1,21,-1,-5,-3,21,0,0,28,"Lethbridge",0
"22",2016-01-22,2016,1,22,-2.5,-18,-10.3,28.3,0,0,28,"Lethbridge",0
"23",2016-01-23,2016,1,23,-3,-5,-4,22,0,0,28,"Lethbridge",0
"24",2016-01-24,2016,1,24,-5,-18,-11.5,29.5,0,0,28,"Lethbridge",0
"25",2016-01-25,2016,1,25,-3,-18,-10.5,28.5,0,0,28,"Lethbridge",0
"26",2016-01-26,2016,1,26,6,-23,-8.5,26.5,0,2,28,"Lethbridge",0
"27",2016-01-27,2016,1,27,6,-1,2.5,15.5,0,0,10,"Lethbridge",0
"28",2016-01-28,2016,1,28,-1,-14,-7.5,25.5,0,0,2,"Lethbridge",0
"29",2016-01-29,2016,1,29,0,-12,-6,24,0,25,2,"Lethbridge",0
"30",2016-01-30,2016,1,30,-1,-6,-3.5,21.5,0,6,27,"Lethbridge",0
"31",2016-01-31,2016,1,31,0.5,-12,-5.8,23.8,0,0,33,"Lethbridge",0
"32",2016-02-01,2016,2,1,9,-3,3,15,0,0,33,"Lethbridge",0
"33",2016-02-02,2016,2,2,4,0,2,16,0,0,8,"Lethbridge",0
"34",2016-02-03,2016,2,3,-2,-12,-7,25,0,1,4,"Lethbridge",0
"35",2016-02-04,2016,2,4,7,-6,0.5,17.5,0,7,5,"Lethbridge",0
"36",2016-02-05,2016,2,5,10,2,6,12,0,24,1,"Lethbridge",1
"37",2016-02-06,2016,2,6,-1,-3,-2,20,0,0,0,"Lethbridge",1
"38",2016-02-07,2016,2,7,-1,-10,-5.5,23.5,0,2,0,"Lethbridge",1
"39",2016-02-08,2016,2,8,-2,-11,-6.5,24.5,0,4,2,"Lethbridge",1
"40",2016-02-09,2016,2,9,0,-9,-4.5,22.5,0,33,6,"Lethbridge",1
"41",2016-02-10,2016,2,10,2,-2,0,18,0,0,34,"Lethbridge",1
"42",2016-02-11,2016,2,11,-2.5,-7.5,-5,23,0,8,27,"Lethbridge",1
"43",2016-02-12,2016,2,12,1,-14,-6.5,24.5,0,4,35,"Lethbridge",1
"44",2016-02-13,2016,2,13,-5,-14,-9.5,27.5,0,19,39,"Lethbridge",1
"45",2016-02-14,2016,2,14,-5,-12,-8.5,26.5,0,0,58,"Lethbridge",1
"46",2016-02-15,2016,2,15,-8,-17,-12.5,30.5,0,0,58,"Lethbridge",1
"47",2016-02-16,2016,2,16,6,-11.5,-2.8,20.8,0,4,58,"Lethbridge",1
"48",2016-02-17,2016,2,17,10,-1,4.5,13.5,0,18,37,"Lethbridge",1
"49",2016-02-18,2016,2,18,4,1,2.5,15.5,0,1,0,"Lethbridge",1
"50",2016-02-19,2016,2,19,-3,-4,-3.5,21.5,0,0,0,"Lethbridge",1
"51",2016-02-20,2016,2,20,-1,-15,-8,26,0,0,0,"Lethbridge",1
"52",2016-02-21,2016,2,21,6,-15,-4.5,22.5,0,1,0,"Lethbridge",1
"53",2016-02-22,2016,2,22,6,1,3.5,14.5,0,1,0,"Lethbridge",1
"54",2016-02-23,2016,2,23,-4,-9,-6.5,24.5,0,0,0,"Lethbridge",1
"55",2016-02-24,2016,2,24,0,-18,-9,27,0,4,0,"Lethbridge",1
"56",2016-02-25,2016,2,25,11,-5,3,15,0,13,3,"Lethbridge",1
"57",2016-02-26,2016,2,26,11,7,9,9,0,0,0,"Lethbridge",5
"58",2016-02-27,2016,2,27,3,0,1.5,16.5,0,0,0,"Lethbridge",5
"59",2016-02-28,2016,2,28,2,-7,-2.5,20.5,0,0,0,"Lethbridge",5
"60",2016-02-29,2016,2,29,8,-8,0,18,0,1,0,"Lethbridge",5
"61",2016-03-01,2016,3,1,8,2,5,13,0,5,0,"Lethbridge",5
"62",2016-03-02,2016,3,2,4,-6,-1,19,0,0,0,"Lethbridge",5
"63",2016-03-03,2016,3,3,10,-1.5,4.3,13.7,0,9,0,"Lethbridge",5
"64",2016-03-04,2016,3,4,-2,-7,-4.5,22.5,0,0,0,"Lethbridge",5
"65",2016-03-05,2016,3,5,0,-12,-6,24,0,21,0,"Lethbridge",5
"66",2016-03-06,2016,3,6,-1,-5,-3,21,0,0,17,"Lethbridge",5
"67",2016-03-07,2016,3,7,-1.5,-15,-8.3,26.3,0,0,17,"Lethbridge",5
"68",2016-03-08,2016,3,8,3,-19,-8,26,0,0,17,"Lethbridge",5
"69",2016-03-09,2016,3,9,-1,-13,-7,25,0,8,15,"Lethbridge",5
"70",2016-03-10,2016,3,10,0,-5,-2.5,20.5,0,0,23,"Lethbridge",5
"71",2016-03-11,2016,3,11,0,-17,-8.5,26.5,0,0,23,"Lethbridge",5
"72",2016-03-12,2016,3,12,-3,-9,-6,24,0,0,23,"Lethbridge",5
"73",2016-03-13,2016,3,13,-1,-16,-8.5,26.5,0,6,23,"Lethbridge",5
"74",2016-03-14,2016,3,14,-5,-9,-7,25,0,0,29,"Lethbridge",5
"75",2016-03-15,2016,3,15,0,-12,-6,24,0,0,29,"Lethbridge",5
"76",2016-03-16,2016,3,16,3,-15,-6,24,0,1,29,"Lethbridge",5
"77",2016-03-17,2016,3,17,3,0,1.5,16.5,0,0,17,"Lethbridge",5
"78",2016-03-18,2016,3,18,3,-6,-1.5,19.5,0,2,14,"Lethbridge",5
"79",2016-03-19,2016,3,19,4,-1,1.5,16.5,0,2,11,"Lethbridge",5
"80",2016-03-20,2016,3,20,0,-10,-5,23,0,0,8,"Lethbridge",5
"81",2016-03-21,2016,3,21,1,-13,-6,24,0,4,8,"Lethbridge",5
"82",2016-03-22,2016,3,22,5,0,2.5,15.5,0,0,23,"Lethbridge",5
"83",2016-03-23,2016,3,23,2,-8,-3,21,0,0,6,"Lethbridge",5
"84",2016-03-24,2016,3,24,-1,-9,-5,23,0,0,6,"Lethbridge",5
"85",2016-03-25,2016,3,25,1,-9,-4,22,0,7,6,"Lethbridge",5
"86",2016-03-26,2016,3,26,0,-4,-2,20,0,0,6,"Lethbridge",5
"87",2016-03-27,2016,3,27,5,-14,-4.5,22.5,0,0,6,"Lethbridge",5
"88",2016-03-28,2016,3,28,5,-5,0,18,0,2,6,"Lethbridge",5
"89",2016-03-29,2016,3,29,7,-1,3,15,0,4,4,"Lethbridge",5
"90",2016-03-30,2016,3,30,3,-2,0.5,17.5,0,0,4,"Lethbridge",5
"91",2016-03-31,2016,3,31,8,-2,3,15,0,1,2,"Lethbridge",5
"92",2016-04-01,2016,4,1,11.5,3,7.3,10.7,0,2,0,"Lethbridge",7.25
"93",2016-04-02,2016,4,2,16,8,12,6,0,8,0,"Lethbridge",14.25
"94",2016-04-03,2016,4,3,10,1.5,5.8,12.2,0,12,0,"Lethbridge",15
"95",2016-04-04,2016,4,4,1,-2,-0.5,18.5,0,0,0,"Lethbridge",15
"96",2016-04-05,2016,4,5,0,-6,-3,21,0,13,0,"Lethbridge",15
"97",2016-04-06,2016,4,6,-3,-8.5,-5.8,23.8,0,0,13,"Lethbridge",15
"98",2016-04-07,2016,4,7,5,-9,-2,20,0,0,13,"Lethbridge",15
"99",2016-04-08,2016,4,8,11.5,1,6.3,11.7,0,1,0,"Lethbridge",16.25
"100",2016-04-09,2016,4,9,18,3,10.5,7.5,0,4,0,"Lethbridge",21.75
"101",2016-04-10,2016,4,10,15,1,8,10,0,3,0,"Lethbridge",24.75
"102",2016-04-11,2016,4,11,6,-1,2.5,15.5,0,0,0,"Lethbridge",24.75
"103",2016-04-12,2016,4,12,9,-8,0.5,17.5,0,1,0,"Lethbridge",24.75
"104",2016-04-13,2016,4,13,15,2,8.5,9.5,0,0,0,"Lethbridge",28.25
"105",2016-04-14,2016,4,14,12,3,7.5,10.5,0,7,0,"Lethbridge",30.75
"106",2016-04-15,2016,4,15,7,3,5,13,0,2,0,"Lethbridge",30.75
"107",2016-04-16,2016,4,16,3,0,1.5,16.5,0,0,0,"Lethbridge",30.75
"108",2016-04-17,2016,4,17,11,-1,5,13,0,0,0,"Lethbridge",30.75
"109",2016-04-18,2016,4,18,3,1,2,16,0,0,0,"Lethbridge",30.75
"110",2016-04-19,2016,4,19,2.5,-6,-1.8,19.8,0,19,0,"Lethbridge",30.75
"111",2016-04-20,2016,4,20,1.5,-3,-0.8,18.8,0,26,19,"Lethbridge",30.75
"112",2016-04-21,2016,4,21,3.5,-3,0.3,17.7,0,3,26,"Lethbridge",30.75
"113",2016-04-22,2016,4,22,4,0,2,16,0,2,10,"Lethbridge",30.75
"114",2016-04-23,2016,4,23,11,0.5,5.8,12.2,0,0,6,"Lethbridge",31.5
"115",2016-04-24,2016,4,24,15.5,-4,5.8,12.2,0,1,0,"Lethbridge",32.25
"116",2016-04-25,2016,4,25,8,5,6.5,11.5,0,0,0,"Lethbridge",33.75
"117",2016-04-26,2016,4,26,5,-5,0,18,0,8,0,"Lethbridge",33.75
"118",2016-04-27,2016,4,27,7,-1,3,15,0,3,8,"Lethbridge",33.75
"119",2016-04-28,2016,4,28,5,-5,0,18,0,3,0,"Lethbridge",33.75
"120",2016-04-29,2016,4,29,7,-2,2.5,15.5,0,0,3,"Lethbridge",33.75
"121",2016-04-30,2016,4,30,12,0,6,12,0,0,0,"Lethbridge",34.75
"122",2016-05-01,2016,5,1,12,8,10,8,0,0,0,"Lethbridge",39.75
"123",2016-05-02,2016,5,2,11,0,5.5,12.5,0,0,0,"Lethbridge",40.25
"124",2016-05-03,2016,5,3,14,-1,6.5,11.5,0,7,0,"Lethbridge",41.75
"125",2016-05-04,2016,5,4,8,3,5.5,12.5,0,0,0,"Lethbridge",42.25
"126",2016-05-05,2016,5,5,5,2,3.5,14.5,0,25,0,"Lethbridge",42.25
"127",2016-05-06,2016,5,6,13,2,7.5,10.5,0,12,0,"Lethbridge",44.75
"128",2016-05-07,2016,5,7,15,4,9.5,8.5,0,8,0,"Lethbridge",49.25
"129",2016-05-08,2016,5,8,15,7,11,7,0,9,0,"Lethbridge",55.25
"130",2016-05-09,2016,5,9,15,8,11.5,6.5,0,0,0,"Lethbridge",61.75
"131",2016-05-10,2016,5,10,10,3,6.5,11.5,0,0,0,"Lethbridge",63.25
"132",2016-05-11,2016,5,11,10,0,5,13,0,4,0,"Lethbridge",63.25
"133",2016-05-12,2016,5,12,5,3.5,4.3,13.7,0,0,0,"Lethbridge",63.25
"134",2016-05-13,2016,5,13,9.5,1,5.3,12.7,0,0,0,"Lethbridge",63.5
"135",2016-05-14,2016,5,14,13,6,9.5,8.5,0,0,0,"Lethbridge",68
"136",2016-05-15,2016,5,15,15,-1,7,11,0,0,0,"Lethbridge",70
"137",2016-05-16,2016,5,16,16,2,9,9,0,0,0,"Lethbridge",74
"138",2016-05-17,2016,5,17,12,4,8,10,0,6,0,"Lethbridge",77
"139",2016-05-18,2016,5,18,12,4,8,10,0,2,0,"Lethbridge",80
"140",2016-05-19,2016,5,19,18.5,2,10.3,7.7,0,0,0,"Lethbridge",85.25
"141",2016-05-20,2016,5,20,21,0,10.5,7.5,0,0,0,"Lethbridge",90.75
"142",2016-05-21,2016,5,21,25,2.5,13.8,4.2,0,0,0,"Lethbridge",99.5
"143",2016-05-22,2016,5,22,13.5,4,8.8,9.2,0,0,0,"Lethbridge",103.25
"144",2016-05-23,2016,5,23,22,2,12,6,0,0,0,"Lethbridge",110.25
"145",2016-05-24,2016,5,24,25,10,17.5,0.5,0,0,0,"Lethbridge",122.75
"146",2016-05-25,2016,5,25,23,13,18,0,0,2,0,"Lethbridge",135.75
"147",2016-05-26,2016,5,26,9,5,7,11,0,4,0,"Lethbridge",137.75
"148",2016-05-27,2016,5,27,9,4,6.5,11.5,0,1,0,"Lethbridge",139.25
"149",2016-05-28,2016,5,28,6,4,5,13,0,10,0,"Lethbridge",139.25
"150",2016-05-29,2016,5,29,10.5,2,6.3,11.7,0,1,0,"Lethbridge",140.5
"151",2016-05-30,2016,5,30,20,0,10,8,0,10,0,"Lethbridge",145.5
"152",2016-05-31,2016,5,31,19,7,13,5,0,0,0,"Lethbridge",153.5
"153",2016-06-01,2016,6,1,7,5,6,12,0,0,0,"Lethbridge",154.5
"154",2016-06-02,2016,6,2,12,-2,5,13,0,0,0,"Lethbridge",154.5
"155",2016-06-03,2016,6,3,15,-4,5.5,12.5,0,0,0,"Lethbridge",155
"156",2016-06-04,2016,6,4,12.5,-1,5.8,12.2,0,1,0,"Lethbridge",155.75
"157",2016-06-05,2016,6,5,12,4,8,10,0,0,0,"Lethbridge",158.75
"158",2016-06-06,2016,6,6,14,2,8,10,0,0,0,"Lethbridge",161.75
"159",2016-06-07,2016,6,7,18.5,1,9.8,8.2,0,0,0,"Lethbridge",166.5
"160",2016-06-08,2016,6,8,13,6,9.5,8.5,0,11,0,"Lethbridge",171
"161",2016-06-09,2016,6,9,10,5,7.5,10.5,0,2,0,"Lethbridge",173.5
"162",2016-06-10,2016,6,10,9,5,7,11,0,0,0,"Lethbridge",175.5
"163",2016-06-11,2016,6,11,16.5,6,11.3,6.7,0,2,0,"Lethbridge",181.75
"164",2016-06-12,2016,6,12,14,3,8.5,9.5,0,0,0,"Lethbridge",185.25
"165",2016-06-13,2016,6,13,13,7,10,8,0,14,0,"Lethbridge",190.25
"166",2016-06-14,2016,6,14,14,7,10.5,7.5,0,10,NA,"Lethbridge",195.75
"167",2016-06-15,2016,6,15,15,10,12.5,5.5,0,5,NA,"Lethbridge",203.25
"168",2016-06-16,2016,6,16,12,8,10,8,0,4,NA,"Lethbridge",208.25
"169",2016-06-17,2016,6,17,13,6,9.5,8.5,0,0,NA,"Lethbridge",212.75
"170",2016-06-18,2016,6,18,18,3,10.5,7.5,0,0,NA,"Lethbridge",218.25
"171",2016-06-19,2016,6,19,25,2,13.5,4.5,0,0,NA,"Lethbridge",226.75
"172",2016-06-20,2016,6,20,27,13,20,0,2,0,NA,"Lethbridge",241.75
"173",2016-06-21,2016,6,21,22,9,15.5,2.5,0,0,NA,"Lethbridge",252.25
"174",2016-06-22,2016,6,22,15,11,13,5,0,6,NA,"Lethbridge",260.25
"175",2016-06-23,2016,6,23,19,11,15,3,0,0,NA,"Lethbridge",270.25
"176",2016-06-24,2016,6,24,20,10,15,3,0,0,NA,"Lethbridge",280.25
"177",2016-06-25,2016,6,25,24,9,16.5,1.5,0,0,NA,"Lethbridge",291.75
"178",2016-06-26,2016,6,26,26,8,17,1,0,0,NA,"Lethbridge",303.75
"179",2016-06-27,2016,6,27,24,9,16.5,1.5,0,0,NA,"Lethbridge",315.25
"180",2016-06-28,2016,6,28,27,11,19,0,1,0,NA,"Lethbridge",329.25
"181",2016-06-29,2016,6,29,28,14,21,0,3,0,NA,"Lethbridge",345.25
"182",2016-06-30,2016,6,30,18,12,15,3,0,36,NA,"Lethbridge",355.25
"183",2016-07-01,2016,7,1,29,14,21.5,0,3.5,0,NA,"Lethbridge",371.75
"184",2016-07-02,2016,7,2,21,11,16,2,0,0,NA,"Lethbridge",382.75
"185",2016-07-03,2016,7,3,17,11,14,4,0,4,NA,"Lethbridge",391.75
"186",2016-07-04,2016,7,4,24,11,17.5,0.5,0,0,NA,"Lethbridge",404.25
"187",2016-07-05,2016,7,5,23,11,17,1,0,13,NA,"Lethbridge",416.25
"188",2016-07-06,2016,7,6,9,6,7.5,10.5,0,17,NA,"Lethbridge",418.75
"189",2016-07-07,2016,7,7,13,6,9.5,8.5,0,0,NA,"Lethbridge",423.25
"190",2016-07-08,2016,7,8,18,3,10.5,7.5,0,0,NA,"Lethbridge",428.75
"191",2016-07-09,2016,7,9,22,2,12,6,0,0,NA,"Lethbridge",435.75
"192",2016-07-10,2016,7,10,16,5,10.5,7.5,0,0,NA,"Lethbridge",441.25
"193",2016-07-11,2016,7,11,12,5,8.5,9.5,0,35,NA,"Lethbridge",444.75
"194",2016-07-12,2016,7,12,12,9,10.5,7.5,0,2,NA,"Lethbridge",450.25
"195",2016-07-13,2016,7,13,15,8,11.5,6.5,0,0,NA,"Lethbridge",456.75
"196",2016-07-14,2016,7,14,18,7,12.5,5.5,0,1,NA,"Lethbridge",464.25
"197",2016-07-15,2016,7,15,25,11,18,0,0,5,NA,"Lethbridge",477.25
"198",2016-07-16,2016,7,16,27,13,20,0,2,0,NA,"Lethbridge",492.25
"199",2016-07-17,2016,7,17,29,11,20,0,2,1,NA,"Lethbridge",507.25
"200",2016-07-18,2016,7,18,27,14,20.5,0,2.5,0,NA,"Lethbridge",522.75
"201",2016-07-19,2016,7,19,23,14,18.5,0,0.5,0,NA,"Lethbridge",536.25
"202",2016-07-20,2016,7,20,21,12,16.5,1.5,0,0,NA,"Lethbridge",547.75
"203",2016-07-21,2016,7,21,22,12,17,1,0,0,NA,"Lethbridge",559.75
"204",2016-07-22,2016,7,22,25,7,16,2,0,0,NA,"Lethbridge",570.75
"205",2016-07-23,2016,7,23,24,13,18.5,0,0.5,2,NA,"Lethbridge",584.25
"206",2016-07-24,2016,7,24,24,15,19.5,0,1.5,0,NA,"Lethbridge",598.75
"207",2016-07-25,2016,7,25,24,13,18.5,0,0.5,0,NA,"Lethbridge",612.25
"208",2016-07-26,2016,7,26,24,15,19.5,0,1.5,0,NA,"Lethbridge",626.75
"209",2016-07-27,2016,7,27,23,13,18,0,0,1,NA,"Lethbridge",639.75
"210",2016-07-28,2016,7,28,25,14,19.5,0,1.5,0,NA,"Lethbridge",654.25
"211",2016-07-29,2016,7,29,27,14,20.5,0,2.5,0,NA,"Lethbridge",669.75
"212",2016-07-30,2016,7,30,25,15,20,0,2,11,NA,"Lethbridge",684.75
"213",2016-07-31,2016,7,31,23,14,18.5,0,0.5,13,NA,"Lethbridge",698.25
"214",2016-08-01,2016,8,1,23,12,17.5,0.5,0,0,NA,"Lethbridge",710.75
"215",2016-08-02,2016,8,2,14,11,12.5,5.5,0,0,NA,"Lethbridge",718.25
"216",2016-08-03,2016,8,3,18,6,12,6,0,1,NA,"Lethbridge",725.25
"217",2016-08-04,2016,8,4,22,6,14,4,0,1,NA,"Lethbridge",734.25
"218",2016-08-05,2016,8,5,25,12,18.5,0,0.5,1,NA,"Lethbridge",747.75
"219",2016-08-06,2016,8,6,25,16,20.5,0,2.5,3,NA,"Lethbridge",763.25
"220",2016-08-07,2016,8,7,22,16,19,0,1,6,NA,"Lethbridge",777.25
"221",2016-08-08,2016,8,8,27,15,21,0,3,0,NA,"Lethbridge",793.25
"222",2016-08-09,2016,8,9,26,11,18.5,0,0.5,4,NA,"Lethbridge",806.75
"223",2016-08-10,2016,8,10,24,10,17,1,0,0,NA,"Lethbridge",818.75
"224",2016-08-11,2016,8,11,25,14,19.5,0,1.5,0,NA,"Lethbridge",833.25
"225",2016-08-12,2016,8,12,23,16,19.5,0,1.5,0,NA,"Lethbridge",847.75
"226",2016-08-13,2016,8,13,21,11,16,2,0,0,NA,"Lethbridge",858.75
"227",2016-08-14,2016,8,14,24,9,16.5,1.5,0,0,NA,"Lethbridge",870.25
"228",2016-08-15,2016,8,15,21,8,14.5,3.5,0,2,NA,"Lethbridge",879.75
"229",2016-08-16,2016,8,16,25,11,18,0,0,0,NA,"Lethbridge",892.75
"230",2016-08-17,2016,8,17,23,11,17,1,0,0,NA,"Lethbridge",904.75
"231",2016-08-18,2016,8,18,18,9,13.5,4.5,0,0,NA,"Lethbridge",913.25
"232",2016-08-19,2016,8,19,23,8,15.5,2.5,0,0,NA,"Lethbridge",923.75
"233",2016-08-20,2016,8,20,22,9,15.5,2.5,0,0,NA,"Lethbridge",934.25
"234",2016-08-21,2016,8,21,23,8,15.5,2.5,0,0,NA,"Lethbridge",944.75
"235",2016-08-22,2016,8,22,22,8,15,3,0,3,NA,"Lethbridge",954.75
"236",2016-08-23,2016,8,23,24,15,19.5,0,1.5,26,NA,"Lethbridge",969.25
"237",2016-08-24,2016,8,24,24,13,18.5,0,0.5,0,NA,"Lethbridge",982.75
"238",2016-08-25,2016,8,25,25,16,20.5,0,2.5,0,NA,"Lethbridge",998.25
"239",2016-08-26,2016,8,26,22,18,20,0,2,34,NA,"Lethbridge",1013.25
"240",2016-08-27,2016,8,27,18,12,15,3,0,1,NA,"Lethbridge",1023.25
"241",2016-08-28,2016,8,28,20,9,14.5,3.5,0,0,NA,"Lethbridge",1032.75
"242",2016-08-29,2016,8,29,21,5,13,5,0,12,NA,"Lethbridge",1040.75
"243",2016-08-30,2016,8,30,15,9,12,6,0,2,NA,"Lethbridge",1047.75
"244",2016-08-31,2016,8,31,18,2,10,8,0,1,NA,"Lethbridge",1052.75
"245",2016-09-01,2016,9,1,19,5,12,6,0,2,NA,"Lethbridge",1059.75
"246",2016-09-02,2016,9,2,14,5,9.5,8.5,0,0,NA,"Lethbridge",1064.25
"247",2016-09-03,2016,9,3,14,7,10.5,7.5,0,0,NA,"Lethbridge",1069.75
"248",2016-09-04,2016,9,4,13,5,9,9,0,0,NA,"Lethbridge",1073.75
"249",2016-09-05,2016,9,5,24,1,12.5,5.5,0,0,NA,"Lethbridge",1081.25
"250",2016-09-06,2016,9,6,25,12,18.5,0,0.5,0,NA,"Lethbridge",1094.75
"251",2016-09-07,2016,9,7,25,17,21,0,3,0,NA,"Lethbridge",1110.75
"252",2016-09-08,2016,9,8,16,12,14,4,0,12,NA,"Lethbridge",1119.75
"253",2016-09-09,2016,9,9,22,10,16,2,0,21,NA,"Lethbridge",1130.75
"254",2016-09-10,2016,9,10,14,9,11.5,6.5,0,3,NA,"Lethbridge",1137.25
"255",2016-09-11,2016,9,11,18,1,9.5,8.5,0,1,NA,"Lethbridge",1141.75
"256",2016-09-12,2016,9,12,18,12,15,3,0,0,NA,"Lethbridge",1151.75
"257",2016-09-13,2016,9,13,23,10,16.5,1.5,0,0,NA,"Lethbridge",1163.25
"258",2016-09-14,2016,9,14,24,15,19.5,0,1.5,0,NA,"Lethbridge",1177.75
"259",2016-09-15,2016,9,15,17,14,15.5,2.5,0,3,NA,"Lethbridge",1188.25
"260",2016-09-16,2016,9,16,17,2,9.5,8.5,0,0,NA,"Lethbridge",1192.75
"261",2016-09-17,2016,9,17,19,9,14,4,0,0,NA,"Lethbridge",1201.75
"262",2016-09-18,2016,9,18,17,10,13.5,4.5,0,22,NA,"Lethbridge",1210.25
"263",2016-09-19,2016,9,19,9,7,8,10,0,2,NA,"Lethbridge",1213.25
"264",2016-09-20,2016,9,20,14,6,10,8,0,1,NA,"Lethbridge",1218.25
"265",2016-09-21,2016,9,21,20,6,13,5,0,0,NA,"Lethbridge",1226.25
"266",2016-09-22,2016,9,22,20,10,15,3,0,0,NA,"Lethbridge",1236.25
"267",2016-09-23,2016,9,23,15,8,11.5,6.5,0,13,NA,"Lethbridge",1242.75
"268",2016-09-24,2016,9,24,10,8,9,9,0,4,NA,"Lethbridge",1246.75
"269",2016-09-25,2016,9,25,13,0,6.5,11.5,0,0,NA,"Lethbridge",1248.25
"270",2016-09-26,2016,9,26,10,3,6.5,11.5,0,4,NA,"Lethbridge",1249.75
"271",2016-09-27,2016,9,27,12,1,6.5,11.5,0,6,NA,"Lethbridge",1251.25
"272",2016-09-28,2016,9,28,12,2,7,11,0,0,NA,"Lethbridge",1253.25
"273",2016-09-29,2016,9,29,8,0,4,14,0,14.6,NA,"Lethbridge",1253.25
"274",2016-09-30,2016,9,30,15,3,9,9,0,0,NA,"Lethbridge",1257.25
"275",2016-10-01,2016,10,1,17,3,10,8,0,0,NA,"Lethbridge",1262.25
"276",2016-10-02,2016,10,2,15,-1,7,11,0,0,NA,"Lethbridge",1264.25
"277",2016-10-03,2016,10,3,11,3,7,11,0,5,NA,"Lethbridge",1266.25
"278",2016-10-04,2016,10,4,15,0,7.5,10.5,0,0,NA,"Lethbridge",1268.75
"279",2016-10-05,2016,10,5,19,5,12,6,0,0,NA,"Lethbridge",1275.75
"280",2016-10-06,2016,10,6,20,4,12,6,0,0,NA,"Lethbridge",1282.75
"281",2016-10-07,2016,10,7,20,9,14.5,3.5,0,0,NA,"Lethbridge",1292.25
"282",2016-10-08,2016,10,8,16,3,9.5,8.5,0,0,NA,"Lethbridge",1296.75
"283",2016-10-09,2016,10,9,16,3,9.5,8.5,0,0,NA,"Lethbridge",1301.25
"284",2016-10-10,2016,10,10,17,10,13.5,4.5,0,87,NA,"Lethbridge",1309.75
"285",2016-10-11,2016,10,11,6,5,5.5,12.5,0,4,NA,"Lethbridge",1310.25
"286",2016-10-12,2016,10,12,16,-1,7.5,10.5,0,0,NA,"Lethbridge",1312.75
"287",2016-10-13,2016,10,13,14,2,8,10,0,0,NA,"Lethbridge",1315.75
"288",2016-10-14,2016,10,14,12,5,8.5,9.5,0,4,NA,"Lethbridge",1319.25
"289",2016-10-15,2016,10,15,8,4,6,12,0,0,NA,"Lethbridge",1320.25
"290",2016-10-16,2016,10,16,12,1,6.5,11.5,0,0,NA,"Lethbridge",1321.75
"291",2016-10-17,2016,10,17,10,0,5,13,0,4,NA,"Lethbridge",1321.75
"292",2016-10-18,2016,10,18,9,5,7,11,0,0,NA,"Lethbridge",1323.75
"293",2016-10-19,2016,10,19,14,-4,5,13,0,4,NA,"Lethbridge",1323.75
"294",2016-10-20,2016,10,20,10,4.5,7.3,10.7,0,1,NA,"Lethbridge",1326
"295",2016-10-21,2016,10,21,8,-4,2,16,0,2,NA,"Lethbridge",1326
"296",2016-10-22,2016,10,22,16,2,9,9,0,42,NA,"Lethbridge",1330
"297",2016-10-23,2016,10,23,15,10,12.5,5.5,0,7,NA,"Lethbridge",1337.5
"298",2016-10-24,2016,10,24,11,6,8.5,9.5,0,1,NA,"Lethbridge",1341
"299",2016-10-25,2016,10,25,11,2,6.5,11.5,0,0,NA,"Lethbridge",1342.5
"300",2016-10-26,2016,10,26,5,2.5,3.8,14.2,0,2,NA,"Lethbridge",1342.5
"301",2016-10-27,2016,10,27,5,0,2.5,15.5,0,2,NA,"Lethbridge",1342.5
"302",2016-10-28,2016,10,28,3,-2,0.5,17.5,0,0,NA,"Lethbridge",1342.5
"303",2016-10-29,2016,10,29,8,-4,2,16,0,13,NA,"Lethbridge",1342.5
"304",2016-10-30,2016,10,30,14,0,7,11,0,3,NA,"Lethbridge",1344.5
"305",2016-10-31,2016,10,31,12,8,10,8,0,3,NA,"Lethbridge",1349.5
"306",2016-11-01,2016,11,1,5,2.5,3.8,14.2,0,3,NA,"Lethbridge",1349.5
"307",2016-11-02,2016,11,2,11,4,7.5,10.5,0,8,NA,"Lethbridge",1352
"308",2016-11-03,2016,11,3,13,6,9.5,8.5,0,5,NA,"Lethbridge",1356.5
"309",2016-11-04,2016,11,4,8,3,5.5,12.5,0,3,NA,"Lethbridge",1357
"310",2016-11-05,2016,11,5,7,4,5.5,12.5,0,0,NA,"Lethbridge",1357.5
"311",2016-11-06,2016,11,6,8,2,5,13,0,0,NA,"Lethbridge",1357.5
"312",2016-11-07,2016,11,7,6,-3,1.5,16.5,0,0,NA,"Lethbridge",1357.5
"313",2016-11-08,2016,11,8,10,-1,4.5,13.5,0,0,NA,"Lethbridge",1357.5
"314",2016-11-09,2016,11,9,5,-2,1.5,16.5,0,1,NA,"Lethbridge",1357.5
"315",2016-11-10,2016,11,10,5,3,4,14,0,1,0,"Lethbridge",1357.5
"316",2016-11-11,2016,11,11,10,1,5.5,12.5,0,1,0,"Lethbridge",1358
"317",2016-11-12,2016,11,12,6.5,-1.5,2.5,15.5,0,1,0,"Lethbridge",1358
"318",2016-11-13,2016,11,13,10,-3,3.5,14.5,0,0,NA,"Lethbridge",1358
"319",2016-11-14,2016,11,14,10,0.5,5.3,12.7,0,0,NA,"Lethbridge",1358.25
"320",2016-11-15,2016,11,15,7,-1,3,15,0,1,0,"Lethbridge",1358.25
"321",2016-11-16,2016,11,16,7,0,3.5,14.5,0,8,0,"Lethbridge",1358.25
"322",2016-11-17,2016,11,17,15,5,10,8,0,12,0,"Lethbridge",1363.25
"323",2016-11-18,2016,11,18,15,8.5,11.8,6.2,0,23.5,0,"Lethbridge",1370
"324",2016-11-19,2016,11,19,9,5,7,11,0,8,0,"Lethbridge",1372
"325",2016-11-20,2016,11,20,16,5,10.5,7.5,0,10,0,"Lethbridge",1377.5
"326",2016-11-21,2016,11,21,17,13,15,3,0,8,0,"Lethbridge",1387.5
"327",2016-11-22,2016,11,22,15,10.5,12.8,5.2,0,7,0,"Lethbridge",1395.25
"328",2016-11-23,2016,11,23,9,3,6,12,0,5,0,"Lethbridge",1396.25
"329",2016-11-24,2016,11,24,3.5,2,2.8,15.2,0,1,0,"Lethbridge",1396.25
"330",2016-11-25,2016,11,25,1.5,-1,0.3,17.7,0,0,0,"Lethbridge",1396.25
"331",2016-11-26,2016,11,26,-1,-2,-1.5,19.5,0,0,0,"Lethbridge",1396.25
"332",2016-11-27,2016,11,27,10,-4,3,15,0,17,0,"Lethbridge",1396.25
"333",2016-11-28,2016,11,28,8,2,5,13,0,0,0,"Lethbridge",1396.25
"334",2016-11-29,2016,11,29,4,-2,1,17,0,1,0,"Lethbridge",1396.25
"335",2016-11-30,2016,11,30,2,-0.5,0.8,17.2,0,0,0,"Lethbridge",1396.25
"336",2016-12-01,2016,12,1,0.5,-3,-1.3,19.3,0,1,0,"Lethbridge",1396.25
"337",2016-12-02,2016,12,2,2,-2,0,18,0,10,1,"Lethbridge",1396.25
"338",2016-12-03,2016,12,3,2.5,1,1.8,16.2,0,4,0,"Lethbridge",1396.25
"339",2016-12-04,2016,12,4,2,0,1,17,0,2,0,"Lethbridge",1396.25
"340",2016-12-05,2016,12,5,-2,-5,-3.5,21.5,0,0,0,"Lethbridge",1396.25
"341",2016-12-06,2016,12,6,-3,-7,-5,23,0,0,0,"Lethbridge",1396.25
"342",2016-12-07,2016,12,7,-3,-9,-6,24,0,0,0,"Lethbridge",1396.25
"343",2016-12-08,2016,12,8,1,-10,-4.5,22.5,0,5,0,"Lethbridge",1396.25
"344",2016-12-09,2016,12,9,2,-1,0.5,17.5,0,7,5,"Lethbridge",1396.25
"345",2016-12-10,2016,12,10,-1,-10,-5.5,23.5,0,0,12,"Lethbridge",1396.25
"346",2016-12-11,2016,12,11,-6,-12,-9,27,0,0,12,"Lethbridge",1396.25
"347",2016-12-12,2016,12,12,-6,-13,-9.5,27.5,0,8,12,"Lethbridge",1396.25
"348",2016-12-13,2016,12,13,-3,-12,-7.5,25.5,0,7,20,"Lethbridge",1396.25
"349",2016-12-14,2016,12,14,1,-18,-8.5,26.5,0,8,27,"Lethbridge",1396.25
"350",2016-12-15,2016,12,15,1.5,-5,-1.8,19.8,0,5,35,"Lethbridge",1396.25
"351",2016-12-16,2016,12,16,-4,-7,-5.5,23.5,0,0,40,"Lethbridge",1396.25
"352",2016-12-17,2016,12,17,-1,-11,-6,24,0,4,40,"Lethbridge",1396.25
"353",2016-12-18,2016,12,18,10,-10,0,18,0,7,44,"Lethbridge",1396.25
"354",2016-12-19,2016,12,19,2,-5,-1.5,19.5,0,0,4,"Lethbridge",1396.25
"355",2016-12-20,2016,12,20,-2,-17,-9.5,27.5,0,0,4,"Lethbridge",1396.25
"356",2016-12-21,2016,12,21,2,-10,-4,22,0,2,4,"Lethbridge",1396.25
"357",2016-12-22,2016,12,22,0.5,-5,-2.3,20.3,0,0,4,"Lethbridge",1396.25
"358",2016-12-23,2016,12,23,0,-2,-1,19,0,1,4,"Lethbridge",1396.25
"359",2016-12-24,2016,12,24,5,-10,-2.5,20.5,0,11,5,"Lethbridge",1396.25
"360",2016-12-25,2016,12,25,5,0,2.5,15.5,0,3,0,"Lethbridge",1396.25
"361",2016-12-26,2016,12,26,-5,-11,-8,26,0,0,3,"Lethbridge",1396.25
"362",2016-12-27,2016,12,27,3.5,-15,-5.8,23.8,0,15,3,"Lethbridge",1396.25
"363",2016-12-28,2016,12,28,1,-1.5,-0.3,18.3,0,0,14,"Lethbridge",1396.25
"364",2016-12-29,2016,12,29,-1,-5,-3,21,0,0,14,"Lethbridge",1396.25
"365",2016-12-30,2016,12,30,5,-17,-6,24,0,21,14,"Lethbridge",1396.25
"366",2016-12-31,2016,12,31,1,0,0.5,17.5,0,16,0,"Lethbridge",1396.25
"367",2017-01-01,2017,1,1,0,-8,-4,22,0,12,15,"Lethbridge",0
"368",2017-01-02,2017,1,2,1,-6,-2.5,20.5,0,0,27,"Lethbridge",0
"369",2017-01-03,2017,1,3,-3,-4,-3.5,21.5,0,0,27,"Lethbridge",0
"370",2017-01-04,2017,1,4,2.5,-6,-1.8,19.8,0,3,27,"Lethbridge",0
"371",2017-01-05,2017,1,5,6,-3,1.5,16.5,0,2,23,"Lethbridge",0
"372",2017-01-06,2017,1,6,3,-2,0.5,17.5,0,21,14,"Lethbridge",0
"373",2017-01-07,2017,1,7,-4,-7,-5.5,23.5,0,5,35,"Lethbridge",0
"374",2017-01-08,2017,1,8,5,-11,-3,21,0,11,40,"Lethbridge",0
"375",2017-01-09,2017,1,9,-3,-6,-4.5,22.5,0,0,36,"Lethbridge",0
"376",2017-01-10,2017,1,10,-4.5,-19,-11.8,29.8,0,0,36,"Lethbridge",0
"377",2017-01-11,2017,1,11,1,-19,-9,27,0,0,36,"Lethbridge",0
"378",2017-01-12,2017,1,12,6,-4,1,17,0,2,36,"Lethbridge",0
"379",2017-01-13,2017,1,13,7,3,5,13,0,0,23,"Lethbridge",0
"380",2017-01-14,2017,1,14,-10,-13,-11.5,29.5,0,0,18,"Lethbridge",0
"381",2017-01-15,2017,1,15,-5,-15,-10,28,0,1,18,"Lethbridge",0
"382",2017-01-16,2017,1,16,-3,-14,-8.5,26.5,0,4,19,"Lethbridge",0
"383",2017-01-17,2017,1,17,-1,-19,-10,28,0,2,23,"Lethbridge",0
"384",2017-01-18,2017,1,18,-1,-9,-5,23,0,2,25,"Lethbridge",0
"385",2017-01-19,2017,1,19,-5,-16,-10.5,28.5,0,0,27,"Lethbridge",0
"386",2017-01-20,2017,1,20,-1,-12,-6.5,24.5,0,0,27,"Lethbridge",0
"387",2017-01-21,2017,1,21,-2,-4,-3,21,0,2,27,"Lethbridge",0
"388",2017-01-22,2017,1,22,-1,-6,-3.5,21.5,0,1,29,"Lethbridge",0
"389",2017-01-23,2017,1,23,-6,-10,-8,26,0,0,30,"Lethbridge",0
"390",2017-01-24,2017,1,24,0,-20,-10,28,0,0,30,"Lethbridge",0
"391",2017-01-25,2017,1,25,1,-19,-9,27,0,12,30,"Lethbridge",0
"392",2017-01-26,2017,1,26,6,-3,1.5,16.5,0,4,30,"Lethbridge",0
"393",2017-01-28,2017,1,28,3,-2,0.5,17.5,0,0,18,"Lethbridge",0
"394",2017-01-29,2017,1,29,0,-3,-1.5,19.5,0,0,18,"Lethbridge",0
"395",2017-01-30,2017,1,30,4,-2,1,17,0,0,18,"Lethbridge",0
"396",2017-01-31,2017,1,31,-2,-11.5,-6.8,24.8,0,0,16,"Lethbridge",0
"397",2017-02-02,2017,2,2,-3,-15,-9,27,0,0,16,"Lethbridge",0
"398",2017-02-03,2017,2,3,0,-17,-8.5,26.5,0,0,16,"Lethbridge",0
"399",2017-02-04,2017,2,4,-7,-14,-10.5,28.5,0,0,16,"Lethbridge",0
"400",2017-02-05,2017,2,5,-6,-19,-12.5,30.5,0,1,16,"Lethbridge",0
"401",2017-02-06,2017,2,6,-2,-16,-9,27,0,14,17,"Lethbridge",0
"402",2017-02-07,2017,2,7,-10,-14,-12,30,0,0,31,"Lethbridge",0
"403",2017-02-08,2017,2,8,3,-26,-11.5,29.5,0,2,31,"Lethbridge",0
"404",2017-02-09,2017,2,9,5.5,-7,-0.8,18.8,0,3,30,"Lethbridge",0
"405",2017-02-10,2017,2,10,7,-5,1,17,0,0,32,"Lethbridge",0
"406",2017-02-11,2017,2,11,-4,-14,-9,27,0,0,28,"Lethbridge",0
"407",2017-02-12,2017,2,12,-6,-23.5,-14.8,32.8,0,0,28,"Lethbridge",0
"408",2017-02-13,2017,2,13,-2,-12,-7,25,0,0,28,"Lethbridge",0
"409",2017-02-14,2017,2,14,-1,-5,-3,21,0,31,28,"Lethbridge",0
"410",2017-02-15,2017,2,15,0,-1,-0.5,18.5,0,3,59,"Lethbridge",0
"411",2017-02-16,2017,2,16,2,-3,-0.5,18.5,0,7,62,"Lethbridge",0
"412",2017-02-17,2017,2,17,4,0,2,16,0,0,69,"Lethbridge",0
"413",2017-02-18,2017,2,18,2,-2,0,18,0,0,69,"Lethbridge",0
"414",2017-02-19,2017,2,19,2,-3,-0.5,18.5,0,6,69,"Lethbridge",0
"415",2017-02-20,2017,2,20,-1,-2,-1.5,19.5,0,0,75,"Lethbridge",0
"416",2017-02-21,2017,2,21,-2,-4,-3,21,0,0,75,"Lethbridge",0
"417",2017-02-22,2017,2,22,-1,-8,-4.5,22.5,0,0,75,"Lethbridge",0
"418",2017-02-23,2017,2,23,4,-9,-2.5,20.5,0,3,75,"Lethbridge",0
"419",2017-02-24,2017,2,24,7,-5,1,17,0,5,70,"Lethbridge",0
"420",2017-02-25,2017,2,25,4,-1.5,1.3,16.7,0,0,67,"Lethbridge",0
"421",2017-02-26,2017,2,26,10,-1,4.5,13.5,0,3,58,"Lethbridge",0
"422",2017-02-27,2017,2,27,1,-2,-0.5,18.5,0,0,40,"Lethbridge",0
"423",2017-02-28,2017,2,28,-1,-3,-2,20,0,0,37,"Lethbridge",0
"424",2017-03-01,2017,3,1,5,-12,-3.5,21.5,0,5,37,"Lethbridge",0
"425",2017-03-02,2017,3,2,6,-1,2.5,15.5,0,1,32,"Lethbridge",0
"426",2017-03-03,2017,3,3,-1,-3,-2,20,0,0,26,"Lethbridge",0
"427",2017-03-04,2017,3,4,-3,-8,-5.5,23.5,0,3,26,"Lethbridge",0
"428",2017-03-05,2017,3,5,-1,-10,-5.5,23.5,0,11,29,"Lethbridge",0
"429",2017-03-06,2017,3,6,2.5,-3,-0.3,18.3,0,1,40,"Lethbridge",0
"430",2017-03-07,2017,3,7,1.5,-5,-1.8,19.8,0,0,41,"Lethbridge",0
"431",2017-03-08,2017,3,8,5,-9,-2,20,0,3,38,"Lethbridge",0
"432",2017-03-09,2017,3,9,7,-1,3,15,0,4,30,"Lethbridge",0
"433",2017-03-10,2017,3,10,2,-1,0.5,17.5,0,6,31,"Lethbridge",0
"434",2017-03-11,2017,3,11,5,-7,-1,19,0,9,34,"Lethbridge",0
"435",2017-03-12,2017,3,12,-4,-12,-8,26,0,0,35,"Lethbridge",0
"436",2017-03-13,2017,3,13,2,-11,-4.5,22.5,0,0,35,"Lethbridge",0
"437",2017-03-14,2017,3,14,3,-5,-1,19,0,1,33,"Lethbridge",0
"438",2017-03-15,2017,3,15,7.5,-5,1.3,16.7,0,6,30,"Lethbridge",0
"439",2017-03-16,2017,3,16,7,2,4.5,13.5,0,0,27,"Lethbridge",0
"440",2017-03-17,2017,3,17,5.5,-1,2.3,15.7,0,1,23,"Lethbridge",0
"441",2017-03-18,2017,3,18,-1,-4,-2.5,20.5,0,0,19,"Lethbridge",0
"442",2017-03-19,2017,3,19,5.5,-10,-2.3,20.3,0,0,19,"Lethbridge",0
"443",2017-03-20,2017,3,20,0,-4,-2,20,0,25,17,"Lethbridge",0
"444",2017-03-23,2017,3,23,3,-1,1,17,0,5,30,"Lethbridge",0
"445",2017-03-24,2017,3,24,5,-10,-2.5,20.5,0,0,27,"Lethbridge",0
"446",2017-03-25,2017,3,25,3,-19,-8,26,0,0,27,"Lethbridge",0
"447",2017-03-26,2017,3,26,-7,-12,-9.5,27.5,0,0,21,"Lethbridge",0
"448",2017-03-27,2017,3,27,-4.5,-15,-9.8,27.8,0,0,21,"Lethbridge",0
"449",2017-03-28,2017,3,28,2.5,-6,-1.8,19.8,0,0,21,"Lethbridge",0
"450",2017-03-29,2017,3,29,3,-2,0.5,17.5,0,0,18,"Lethbridge",0
"451",2017-03-30,2017,3,30,1.5,-1,0.3,17.7,0,9,16,"Lethbridge",0
"452",2017-03-31,2017,3,31,1,0,0.5,17.5,0,30,15,"Lethbridge",0
"453",2017-04-01,2017,4,1,0,-1,-0.5,18.5,0,0,41,"Lethbridge",0
"454",2017-04-02,2017,4,2,0,-3,-1.5,19.5,0,10,41,"Lethbridge",0
"455",2017-04-03,2017,4,3,0,-2,-1,19,0,23,51,"Lethbridge",0
"456",2017-04-04,2017,4,4,0,-1,-0.5,18.5,0,3,74,"Lethbridge",0
"457",2017-04-05,2017,4,5,2,-2,0,18,0,0,76,"Lethbridge",0
"458",2017-04-06,2017,4,6,4.5,-6,-0.8,18.8,0,0,76,"Lethbridge",0
"459",2017-04-07,2017,4,7,7,-4,1.5,16.5,0,7,73,"Lethbridge",0
"460",2017-04-08,2017,4,8,9,1,5,13,0,9,62,"Lethbridge",0
"461",2017-04-09,2017,4,9,8,3,5.5,12.5,0,0,48,"Lethbridge",0.5
"462",2017-04-10,2017,4,10,10,0,5,13,0,0,34,"Lethbridge",0.5
"463",2017-04-11,2017,4,11,12,0,6,12,0,0,23,"Lethbridge",1.5
"464",2017-04-12,2017,4,12,2,0,1,17,0,0,15,"Lethbridge",1.5
"465",2017-04-13,2017,4,13,6.5,-1,2.8,15.2,0,0,15,"Lethbridge",1.5
"466",2017-04-14,2017,4,14,5,1,3,15,0,0,12,"Lethbridge",1.5
"467",2017-04-15,2017,4,15,4,-2,1,17,0,0,12,"Lethbridge",1.5
"468",2017-04-18,2017,4,18,-2,-5,-3.5,21.5,0,0,8,"Lethbridge",1.5
"469",2017-04-19,2017,4,19,1.5,-5,-1.8,19.8,0,0,8,"Lethbridge",1.5
"470",2017-04-20,2017,4,20,3,-10,-3.5,21.5,0,10,7,"Lethbridge",1.5
"471",2017-04-21,2017,4,21,3,0,1.5,16.5,0,7,17,"Lethbridge",1.5
"472",2017-04-22,2017,4,22,3,-1,1,17,0,0,8,"Lethbridge",1.5
"473",2017-04-23,2017,4,23,1,-1,0,18,0,8,7,"Lethbridge",1.5
"474",2017-04-24,2017,4,24,9,-3,3,15,0,0,15,"Lethbridge",1.5
"475",2017-04-25,2017,4,25,5.5,-3,1.3,16.7,0,0,7,"Lethbridge",1.5
"476",2017-04-26,2017,4,26,10,-7,1.5,16.5,0,2,7,"Lethbridge",1.5
"477",2017-04-27,2017,4,27,8,0,4,14,0,17,4,"Lethbridge",1.5
"478",2017-04-28,2017,4,28,7,0,3.5,14.5,0,5,0,"Lethbridge",1.5
"479",2017-04-29,2017,4,29,17,4,10.5,7.5,0,1,0,"Lethbridge",7
"480",2017-04-30,2017,4,30,8,2,5,13,0,0,0,"Lethbridge",7
"481",2017-05-01,2017,5,1,6,-3.5,1.3,16.7,0,0,0,"Lethbridge",7
"482",2017-05-02,2017,5,2,8,-7,0.5,17.5,0,6,0,"Lethbridge",7
"483",2017-05-03,2017,5,3,13,0,6.5,11.5,0,2,0,"Lethbridge",8.5
"484",2017-05-04,2017,5,4,12,1,6.5,11.5,0,0,0,"Lethbridge",10
"485",2017-05-05,2017,5,5,14,2,8,10,0,0,0,"Lethbridge",13
"486",2017-05-06,2017,5,6,10,-5,2.5,15.5,0,0,0,"Lethbridge",13
"487",2017-05-07,2017,5,7,14,-1,6.5,11.5,0,1,0,"Lethbridge",14.5
"488",2017-05-08,2017,5,8,7,2,4.5,13.5,0,0,0,"Lethbridge",14.5
"489",2017-05-11,2017,5,11,5,2,3.5,14.5,0,0,0,"Lethbridge",14.5
"490",2017-05-12,2017,5,12,7.5,1.5,4.5,13.5,0,0,0,"Lethbridge",14.5
"491",2017-05-13,2017,5,13,6,0,3,15,0,0,0,"Lethbridge",14.5
"492",2017-05-14,2017,5,14,16.5,0,8.3,9.7,0,0,0,"Lethbridge",17.75
"493",2017-05-15,2017,5,15,17,-1,8,10,0,8,0,"Lethbridge",20.75
"494",2017-05-16,2017,5,16,14,3,8.5,9.5,0,0,0,"Lethbridge",24.25
"495",2017-05-17,2017,5,17,11.5,4,7.8,10.2,0,3,0,"Lethbridge",27
"496",2017-05-18,2017,5,18,13.5,5,9.3,8.7,0,0,0,"Lethbridge",31.25
"497",2017-05-19,2017,5,19,15.5,-1,7.3,10.7,0,7,0,"Lethbridge",33.5
"498",2017-05-20,2017,5,20,8,4,6,12,0,7,0,"Lethbridge",34.5
"499",2017-05-21,2017,5,21,5,0.5,2.8,15.2,0,5,0,"Lethbridge",34.5
"500",2017-05-22,2017,5,22,5.5,2,3.8,14.2,0,1,0,"Lethbridge",34.5
"501",2017-05-23,2017,5,23,17,0,8.5,9.5,0,1,0,"Lethbridge",38
"502",2017-05-24,2017,5,24,13,5,9,9,0,0,0,"Lethbridge",42
"503",2017-05-25,2017,5,25,13,3,8,10,0,0,0,"Lethbridge",45
"504",2017-05-26,2017,5,26,17,-4,6.5,11.5,0,0,0,"Lethbridge",46.5
"505",2017-05-27,2017,5,27,6,3,4.5,13.5,0,0,0,"Lethbridge",46.5
"506",2017-05-28,2017,5,28,11.5,-1,5.3,12.7,0,1,0,"Lethbridge",46.75
"507",2017-05-29,2017,5,29,7,4,5.5,12.5,0,1,0,"Lethbridge",47.25
"508",2017-05-30,2017,5,30,19,3,11,7,0,0,0,"Lethbridge",53.25
"509",2017-05-31,2017,5,31,21,-1,10,8,0,0,0,"Lethbridge",58.25
"510",2017-06-01,2017,6,1,13.5,8,10.8,7.2,0,5,0,"Lethbridge",64
"511",2017-06-02,2017,6,2,17,8,12.5,5.5,0,0,0,"Lethbridge",71.5
"512",2017-06-03,2017,6,3,12,5,8.5,9.5,0,2,0,"Lethbridge",75
"513",2017-06-04,2017,6,4,11,5,8,10,0,7,0,"Lethbridge",78
"514",2017-06-07,2017,6,7,19,-1,9,9,0,0,0,"Lethbridge",82
"515",2017-06-08,2017,6,8,20,1,10.5,7.5,0,0,0,"Lethbridge",87.5
"516",2017-06-09,2017,6,9,26,6,16,2,0,1,0,"Lethbridge",98.5
"517",2017-06-10,2017,6,10,20,9,14.5,3.5,0,0,0,"Lethbridge",108
"518",2017-06-13,2017,6,13,15,5.5,10.3,7.7,0,8,0,"Lethbridge",113.25
"519",2017-06-14,2017,6,14,13,7,10,8,0,1,0,"Lethbridge",118.25
"520",2017-06-15,2017,6,15,15,4,9.5,8.5,0,0,0,"Lethbridge",122.75
"521",2017-06-16,2017,6,16,16.5,-1.5,7.5,10.5,0,0,0,"Lethbridge",125.25
"522",2017-06-17,2017,6,17,22,2,12,6,0,2,0,"Lethbridge",132.25
"523",2017-06-18,2017,6,18,20,7,13.5,4.5,0,0,0,"Lethbridge",140.75
"524",2017-06-19,2017,6,19,27,10,18.5,0,0.5,0,0,"Lethbridge",154.25
"525",2017-06-20,2017,6,20,30,14,22,0,4,1,0,"Lethbridge",171.25
"526",2017-06-21,2017,6,21,26,15,20.5,0,2.5,0,0,"Lethbridge",186.75
"527",2017-06-22,2017,6,22,23,10,16.5,1.5,0,0,0,"Lethbridge",198.25
"528",2017-06-23,2017,6,23,20,8,14,4,0,4,0,"Lethbridge",207.25
"529",2017-06-24,2017,6,24,17,10,13.5,4.5,0,21,0,"Lethbridge",215.75
"530",2017-06-25,2017,6,25,27.5,13,20.3,0,2.3,0,0,"Lethbridge",231
"531",2017-06-26,2017,6,26,27,6,16.5,1.5,0,0,0,"Lethbridge",242.5
"532",2017-06-28,2017,6,28,20,9,14.5,3.5,0,19,0,"Lethbridge",252
"533",2017-06-29,2017,6,29,19,10,14.5,3.5,0,0,0,"Lethbridge",261.5
"534",2017-06-30,2017,6,30,24,11,17.5,0.5,0,4,0,"Lethbridge",274
"535",2017-07-01,2017,7,1,13,12,12.5,5.5,0,2,0,"Lethbridge",281.5
"536",2017-07-02,2017,7,2,16,8,12,6,0,7,0,"Lethbridge",288.5
"537",2017-07-03,2017,7,3,26,10,18,0,0,0,0,"Lethbridge",301.5
"538",2017-07-04,2017,7,4,27,10,18.5,0,0.5,15,0,"Lethbridge",315
"539",2017-07-05,2017,7,5,17,7,12,6,0,0,0,"Lethbridge",322
"540",2017-07-06,2017,7,6,26,6,16,2,0,0,0,"Lethbridge",333
"541",2017-07-07,2017,7,7,22,14,18,0,0,0,0,"Lethbridge",346
"542",2017-07-08,2017,7,8,19,12,15.5,2.5,0,22,0,"Lethbridge",356.5
"543",2017-07-09,2017,7,9,25,17,21,0,3,5,0,"Lethbridge",372.5
"544",2017-07-10,2017,7,10,27,14,20.5,0,2.5,0,0,"Lethbridge",388
"545",2017-07-11,2017,7,11,27.5,14,20.8,0,2.8,0,0,"Lethbridge",403.75
"546",2017-07-12,2017,7,12,26,13,19.5,0,1.5,1,0,"Lethbridge",418.25
"547",2017-07-13,2017,7,13,24,10,17,1,0,0,0,"Lethbridge",430.25
"548",2017-07-14,2017,7,14,25,4,14.5,3.5,0,0,0,"Lethbridge",439.75
"549",2017-07-15,2017,7,15,26,6,16,2,0,0,0,"Lethbridge",450.75
"550",2017-07-16,2017,7,16,27,5,16,2,0,0,0,"Lethbridge",461.75
"551",2017-07-17,2017,7,17,26,14,20,0,2,0,0,"Lethbridge",476.75
"552",2017-07-18,2017,7,18,29.5,13,21.3,0,3.3,0,0,"Lethbridge",493
"553",2017-07-19,2017,7,19,27,15,21,0,3,0,0,"Lethbridge",509
"554",2017-07-20,2017,7,20,29,17,23,0,5,0,0,"Lethbridge",527
"555",2017-07-21,2017,7,21,22,13,17.5,0.5,0,0,0,"Lethbridge",539.5
"556",2017-07-22,2017,7,22,23,13,18,0,0,4,0,"Lethbridge",552.5
"557",2017-07-23,2017,7,23,21,9,15,3,0,2,0,"Lethbridge",562.5
"558",2017-07-24,2017,7,24,21,5,13,5,0,0,0,"Lethbridge",570.5
"559",2017-07-25,2017,7,25,21,5,13,5,0,0,0,"Lethbridge",578.5
"560",2017-07-26,2017,7,26,26,3,14.5,3.5,0,0,0,"Lethbridge",588
"561",2017-07-27,2017,7,27,29,8,18.5,0,0.5,0,0,"Lethbridge",601.5
"562",2017-07-28,2017,7,28,23.5,13,18.3,0,0.3,0,0,"Lethbridge",614.75
"563",2017-07-29,2017,7,29,24,11,17.5,0.5,0,2,0,"Lethbridge",627.25
"564",2017-07-30,2017,7,30,17,15,16,2,0,8,0,"Lethbridge",638.25
"565",2017-07-31,2017,7,31,25,10,17.5,0.5,0,0,0,"Lethbridge",650.75
"566",2017-08-01,2017,8,1,17,12,14.5,3.5,0,4,0,"Lethbridge",660.25
"567",2017-08-02,2017,8,2,16,13,14.5,3.5,0,1,0,"Lethbridge",669.75
"568",2017-08-03,2017,8,3,22,6,14,4,0,0,0,"Lethbridge",678.75
"569",2017-08-04,2017,8,4,19,10,14.5,3.5,0,0,0,"Lethbridge",688.25
"570",2017-08-05,2017,8,5,22.5,14,18.3,0,0.3,0,0,"Lethbridge",701.5
"571",2017-08-06,2017,8,6,27,13,20,0,2,0,0,"Lethbridge",716.5
"572",2017-08-07,2017,8,7,21,13,17,1,0,9,0,"Lethbridge",728.5
"573",2017-08-08,2017,8,8,23,11,17,1,0,15,0,"Lethbridge",740.5
"574",2017-08-09,2017,8,9,23,15,19,0,1,4,0,"Lethbridge",754.5
"575",2017-08-10,2017,8,10,26,6,16,2,0,0,0,"Lethbridge",765.5
"576",2017-08-11,2017,8,11,26,16,21,0,3,0,0,"Lethbridge",781.5
"577",2017-08-12,2017,8,12,27,6,16.5,1.5,0,13,0,"Lethbridge",793
"578",2017-08-13,2017,8,13,24,13,18.5,0,0.5,3,0,"Lethbridge",806.5
"579",2017-08-14,2017,8,14,26.5,17,21.8,0,3.8,0,0,"Lethbridge",823.25
"580",2017-08-15,2017,8,15,24,11,17.5,0.5,0,0,0,"Lethbridge",835.75
"581",2017-08-16,2017,8,16,21,4,12.5,5.5,0,7,0,"Lethbridge",843.25
"582",2017-08-17,2017,8,17,22,13,17.5,0.5,0,3,0,"Lethbridge",855.75
"583",2017-08-18,2017,8,18,15,10,12.5,5.5,0,5,0,"Lethbridge",863.25
"584",2017-08-19,2017,8,19,15,9,12,6,0,0,0,"Lethbridge",870.25
"585",2017-08-20,2017,8,20,19,3,11,7,0,8,0,"Lethbridge",876.25
"586",2017-08-21,2017,8,21,25.5,12,18.8,0,0.8,0,0,"Lethbridge",890
"587",2017-08-22,2017,8,22,28,10,19,0,1,0,0,"Lethbridge",904
"588",2017-08-23,2017,8,23,24,12,18,0,0,0,0,"Lethbridge",917
"589",2017-08-24,2017,8,24,28,18,23,0,5,2,0,"Lethbridge",935
"590",2017-08-25,2017,8,25,22,16,19,0,1,32,0,"Lethbridge",949
"591",2017-08-26,2017,8,26,15,12,13.5,4.5,0,5,0,"Lethbridge",957.5
"592",2017-08-27,2017,8,27,13,10,11.5,6.5,0,6,0,"Lethbridge",964
"593",2017-08-28,2017,8,28,22,8,15,3,0,0,0,"Lethbridge",974
"594",2017-08-29,2017,8,29,21,5,13,5,0,0,0,"Lethbridge",982
"595",2017-08-30,2017,8,30,20,8,14,4,0,0,0,"Lethbridge",991
"596",2017-08-31,2017,8,31,22,4,13,5,0,9,0,"Lethbridge",999
"597",2017-09-01,2017,9,1,18,12,15,3,0,1,0,"Lethbridge",1009
"598",2017-09-02,2017,9,2,20,6,13,5,0,5,0,"Lethbridge",1017
"599",2017-09-03,2017,9,3,21,6,13.5,4.5,0,0,0,"Lethbridge",1025.5
"600",2017-09-04,2017,9,4,18,5,11.5,6.5,0,6,0,"Lethbridge",1032
"601",2017-09-05,2017,9,5,23.5,14,18.8,0,0.8,0,0,"Lethbridge",1045.75
"602",2017-09-06,2017,9,6,25.5,15,20.3,0,2.3,2,0,"Lethbridge",1061
"603",2017-09-07,2017,9,7,22,17,19.5,0,1.5,1,0,"Lethbridge",1075.5
"604",2017-09-08,2017,9,8,22,19,20.5,0,2.5,3,0,"Lethbridge",1091
"605",2017-09-09,2017,9,9,17,10,13.5,4.5,0,5,0,"Lethbridge",1099.5
"606",2017-09-10,2017,9,10,13,12,12.5,5.5,0,4,0,"Lethbridge",1107
"607",2017-09-11,2017,9,11,12,10,11,7,0,20,0,"Lethbridge",1113
"608",2017-09-12,2017,9,12,13,11,12,6,0,6,0,"Lethbridge",1120
"609",2017-09-13,2017,9,13,14,10,12,6,0,2,0,"Lethbridge",1127
"610",2017-09-14,2017,9,14,25,6,15.5,2.5,0,0,0,"Lethbridge",1137.5
"611",2017-09-15,2017,9,15,20,8,14,4,0,0,0,"Lethbridge",1146.5
"612",2017-09-16,2017,9,16,17,5,11,7,0,5,0,"Lethbridge",1152.5
"613",2017-09-17,2017,9,17,17,5,11,7,0,0,0,"Lethbridge",1158.5
"614",2017-09-18,2017,9,18,15,7,11,7,0,0,0,"Lethbridge",1164.5
"615",2017-09-19,2017,9,19,17,0,8.5,9.5,0,0,0,"Lethbridge",1168
"616",2017-09-20,2017,9,20,19,14,16.5,1.5,0,6,0,"Lethbridge",1179.5
"617",2017-09-21,2017,9,21,16,9,12.5,5.5,0,0,0,"Lethbridge",1187
"618",2017-09-22,2017,9,22,20,4,12,6,0,0,0,"Lethbridge",1194
"619",2017-09-23,2017,9,23,21,5,13,5,0,0,0,"Lethbridge",1202
"620",2017-09-24,2017,9,24,10,8,9,9,0,0,0,"Lethbridge",1206
"621",2017-09-25,2017,9,25,16.5,5,10.8,7.2,0,3,0,"Lethbridge",1211.75
"622",2017-09-26,2017,9,26,21,7,14,4,0,3,0,"Lethbridge",1220.75
"623",2017-09-27,2017,9,27,13.5,0,6.8,11.2,0,9,0,"Lethbridge",1222.5
"624",2017-09-28,2017,9,28,19,8,13.5,4.5,0,7,0,"Lethbridge",1231
"625",2017-09-29,2017,9,29,13,8,10.5,7.5,0,1,0,"Lethbridge",1236.5
"626",2017-09-30,2017,9,30,10,2,6,12,0,0,0,"Lethbridge",1237.5
"627",2017-10-01,2017,10,1,14,-2,6,12,0,0,0,"Lethbridge",1238.5
"628",2017-10-02,2017,10,2,13,6,9.5,8.5,0,0,0,"Lethbridge",1243
"629",2017-10-03,2017,10,3,10,4.5,7.3,10.7,0,0,0,"Lethbridge",1245.25
"630",2017-10-04,2017,10,4,15,-3,6,12,0,0,0,"Lethbridge",1246.25
"631",2017-10-05,2017,10,5,20,10,15,3,0,1,0,"Lethbridge",1256.25
"632",2017-10-06,2017,10,6,19,5,12,6,0,1,0,"Lethbridge",1263.25
"633",2017-10-07,2017,10,7,17,0,8.5,9.5,0,0,0,"Lethbridge",1266.75
"634",2017-10-08,2017,10,8,17,5,11,7,0,3,0,"Lethbridge",1272.75
"635",2017-10-09,2017,10,9,23.5,12,17.8,0.2,0,0,0,"Lethbridge",1285.5
"636",2017-10-10,2017,10,10,21,10,15.5,2.5,0,2,0,"Lethbridge",1296
"637",2017-10-11,2017,10,11,12,9,10.5,7.5,0,0,0,"Lethbridge",1301.5
"638",2017-10-12,2017,10,12,10,0,5,13,0,2,0,"Lethbridge",1301.5
"639",2017-10-13,2017,10,13,10,0,5,13,0,0,0,"Lethbridge",1301.5
"640",2017-10-14,2017,10,14,14,-4,5,13,0,2,0,"Lethbridge",1301.5
"641",2017-10-15,2017,10,15,12,9,10.5,7.5,0,3,0,"Lethbridge",1307
"642",2017-10-16,2017,10,16,18,7,12.5,5.5,0,0,0,"Lethbridge",1314.5
"643",2017-10-17,2017,10,17,6,4,5,13,0,1,0,"Lethbridge",1314.5
"644",2017-10-18,2017,10,18,9,-3,3,15,0,2,0,"Lethbridge",1314.5
"645",2017-10-19,2017,10,19,12,3,7.5,10.5,0,1,0,"Lethbridge",1317
"646",2017-10-20,2017,10,20,17,6,11.5,6.5,0,0,0,"Lethbridge",1323.5
"647",2017-10-21,2017,10,21,8,4,6,12,0,0,0,"Lethbridge",1324.5
"648",2017-10-22,2017,10,22,3.5,-1,1.3,16.7,0,0,0,"Lethbridge",1324.5
"649",2017-10-23,2017,10,23,5,0.5,2.8,15.2,0,0,0,"Lethbridge",1324.5
"650",2017-10-24,2017,10,24,12,-6,3,15,0,0,0,"Lethbridge",1324.5
"651",2017-10-25,2017,10,25,19,-0.5,9.3,8.7,0,0,0,"Lethbridge",1328.75
"652",2017-10-26,2017,10,26,20,1,10.5,7.5,0,1,0,"Lethbridge",1334.25
"653",2017-10-27,2017,10,27,16,4,10,8,0,1,0,"Lethbridge",1339.25
"654",2017-10-28,2017,10,28,11,6,8.5,9.5,0,0,0,"Lethbridge",1342.75
"655",2017-10-29,2017,10,29,11,6,8.5,9.5,0,1,0,"Lethbridge",1346.25
"656",2017-10-30,2017,10,30,11,-1,5,13,0,0,0,"Lethbridge",1346.25
"657",2017-10-31,2017,10,31,18,8,13,5,0,0,0,"Lethbridge",1354.25
"658",2017-11-01,2017,11,1,15,9,12,6,0,0,0,"Lethbridge",1361.25
"659",2017-11-03,2017,11,3,13,-2,5.5,12.5,0,13,0,"Lethbridge",1361.75
"660",2017-11-04,2017,11,4,13.5,8,10.8,7.2,0,2,0,"Lethbridge",1367.5
"661",2017-11-05,2017,11,5,3,-1,1,17,0,0,0,"Lethbridge",1367.5
"662",2017-11-06,2017,11,6,15,-6,4.5,13.5,0,7,0,"Lethbridge",1367.5
"663",2017-11-08,2017,11,8,5,0,2.5,15.5,0,0,0,"Lethbridge",1367.5
"664",2017-11-09,2017,11,9,4,2,3,15,0,0,0,"Lethbridge",1367.5
"665",2017-11-10,2017,11,10,8,1,4.5,13.5,0,8,0,"Lethbridge",1367.5
"666",2017-11-11,2017,11,11,8,0,4,14,0,0,0,"Lethbridge",1367.5
"667",2017-11-12,2017,11,12,5,-1,2,16,0,0,0,"Lethbridge",1367.5
"668",2017-11-13,2017,11,13,5,-5,0,18,0,0,0,"Lethbridge",1367.5
"669",2017-11-14,2017,11,14,4,-2,1,17,0,0,0,"Lethbridge",1367.5
"670",2017-11-15,2017,11,15,2.5,-1,0.8,17.2,0,0,0,"Lethbridge",1367.5
"671",2017-11-16,2017,11,16,4.5,-4,0.3,17.7,0,0,0,"Lethbridge",1367.5
"672",2017-11-17,2017,11,17,4,-2,1,17,0,7,0,"Lethbridge",1367.5
"673",2017-11-18,2017,11,18,7,2,4.5,13.5,0,1,0,"Lethbridge",1367.5
"674",2017-11-19,2017,11,19,6,1,3.5,14.5,0,1,0,"Lethbridge",1367.5
"675",2017-11-20,2017,11,20,13,-2,5.5,12.5,0,3,0,"Lethbridge",1368
"676",2017-11-21,2017,11,21,3,0,1.5,16.5,0,0,0,"Lethbridge",1368
"677",2017-11-22,2017,11,22,5,-3,1,17,0,0,0,"Lethbridge",1368
"678",2017-11-23,2017,11,23,10,-6,2,16,0,12,0,"Lethbridge",1368
"679",2017-11-24,2017,11,24,5,2,3.5,14.5,0,0,0,"Lethbridge",1368
"680",2017-11-25,2017,11,25,7,-5,1,17,0,0,0,"Lethbridge",1368
"681",2017-11-26,2017,11,26,10,5,7.5,10.5,0,11,0,"Lethbridge",1370.5
"682",2017-11-27,2017,11,27,7,2,4.5,13.5,0,0,0,"Lethbridge",1370.5
"683",2017-11-28,2017,11,28,1,-6,-2.5,20.5,0,0,0,"Lethbridge",1370.5
"684",2017-11-29,2017,11,29,7,-7,0,18,0,6,0,"Lethbridge",1370.5
"685",2017-11-30,2017,11,30,2,-3,-0.5,18.5,0,3,0,"Lethbridge",1370.5
"686",2017-12-01,2017,12,1,2,-6,-2,20,0,0,0,"Lethbridge",1370.5
"687",2017-12-02,2017,12,2,1,-4,-1.5,19.5,0,0,0,"Lethbridge",1370.5
"688",2017-12-03,2017,12,3,1,-2,-0.5,18.5,0,0,0,"Lethbridge",1370.5
"689",2017-12-04,2017,12,4,1,-1,0,18,0,0,0,"Lethbridge",1370.5
"690",2017-12-05,2017,12,5,2,0,1,17,0,0,0,"Lethbridge",1370.5
"691",2017-12-06,2017,12,6,3,-1,1,17,0,0,0,"Lethbridge",1370.5
"692",2017-12-07,2017,12,7,5,-4,0.5,17.5,0,1,0,"Lethbridge",1370.5
"693",2017-12-08,2017,12,8,3,-3,0,18,0,0,0,"Lethbridge",1370.5
"694",2017-12-09,2017,12,9,3,-1,1,17,0,24,0,"Lethbridge",1370.5
"695",2017-12-10,2017,12,10,14,-1,6.5,11.5,0,19,0,"Lethbridge",1372
"696",2017-12-11,2017,12,11,5,0,2.5,15.5,0,3,0,"Lethbridge",1372
"697",2017-12-12,2017,12,12,2,-2,0,18,0,0,0,"Lethbridge",1372
"698",2017-12-13,2017,12,13,10,-3,3.5,14.5,0,15,3,"Lethbridge",1372
"699",2017-12-14,2017,12,14,7,2,4.5,13.5,0,11,0,"Lethbridge",1372
"700",2017-12-15,2017,12,15,0,-2,-1,19,0,0,5,"Lethbridge",1372
"701",2017-12-16,2017,12,16,-1,-5,-3,21,0,26,5,"Lethbridge",1372
"702",2017-12-17,2017,12,17,-4,-9,-6.5,24.5,0,0,31,"Lethbridge",1372
"703",2017-12-18,2017,12,18,-6,-14,-10,28,0,0,31,"Lethbridge",1372
"704",2017-12-19,2017,12,19,1,-15,-7,25,0,0,31,"Lethbridge",1372
"705",2017-12-20,2017,12,20,4,-4,0,18,0,17,31,"Lethbridge",1372
"706",2017-12-21,2017,12,21,0,-1,-0.5,18.5,0,0,15,"Lethbridge",1372
"707",2017-12-22,2017,12,22,-1,-2,-1.5,19.5,0,0,15,"Lethbridge",1372
"708",2017-12-23,2017,12,23,3,-5,-1,19,0,5,15,"Lethbridge",1372
"709",2017-12-24,2017,12,24,9,-6,1.5,16.5,0,1,20,"Lethbridge",1372
"710",2017-12-25,2017,12,25,5,-5,0,18,0,12,12,"Lethbridge",1372
"711",2017-12-26,2017,12,26,0,-4,-2,20,0,0,15,"Lethbridge",1372
"712",2017-12-27,2017,12,27,-3,-8,-5.5,23.5,0,1,15,"Lethbridge",1372
"713",2017-12-28,2017,12,28,-3,-9,-6,24,0,5,16,"Lethbridge",1372
"714",2017-12-29,2017,12,29,-1,-5,-3,21,0,5,21,"Lethbridge",1372
"715",2017-12-30,2017,12,30,-3,-15,-9,27,0,0,26,"Lethbridge",1372
"716",2017-12-31,2017,12,31,-2,-10,-6,24,0,0,26,"Lethbridge",1372
"717",2016-01-01,2016,1,1,-1.2,-6.1,-3.7,21.7,0,1.3,0,"TNNP",0
"718",2016-01-02,2016,1,2,0.1,-7.3,-3.6,21.6,0,0,0,"TNNP",0
"719",2016-01-03,2016,1,3,-2,-5,-3.5,21.5,0,3.6,2,"TNNP",0
"720",2016-01-04,2016,1,4,-3.5,-10.1,-6.8,24.8,0,6.8,13,"TNNP",0
"721",2016-01-05,2016,1,5,-9.6,-15.2,-12.4,30.4,0,0,12,"TNNP",0
"722",2016-01-06,2016,1,6,-1.9,-13.6,-7.8,25.8,0,0,11,"TNNP",0
"723",2016-01-07,2016,1,7,0.4,-7.6,-3.6,21.6,0,0,9,"TNNP",0
"724",2016-01-08,2016,1,8,-7.2,-11.6,-9.4,27.4,0,0,8,"TNNP",0
"725",2016-01-09,2016,1,9,-5.9,-11.9,-8.9,26.9,0,0,9,"TNNP",0
"726",2016-01-10,2016,1,10,-4.4,-12.5,-8.5,26.5,0,0,9,"TNNP",0
"727",2016-01-11,2016,1,11,1.8,-9.4,-3.8,21.8,0,3.6,9,"TNNP",0
"728",2016-01-12,2016,1,12,2.7,-10.9,-4.1,22.1,0,0,7,"TNNP",0
"729",2016-01-13,2016,1,13,-0.1,-13.4,-6.8,24.8,0,11.1,6,"TNNP",0
"730",2016-01-14,2016,1,14,-2,-7.1,-4.6,22.6,0,0,16,"TNNP",0
"731",2016-01-15,2016,1,15,-4.8,-10.6,-7.7,25.7,0,0.6,15,"TNNP",0
"732",2016-01-16,2016,1,16,-1.5,-10.9,-6.2,24.2,0,0,15,"TNNP",0
"733",2016-01-17,2016,1,17,-1.8,-9.7,-5.8,23.8,0,0,15,"TNNP",0
"734",2016-01-18,2016,1,18,-1.5,-6.6,-4.1,22.1,0,6.7,14,"TNNP",0
"735",2016-01-19,2016,1,19,-1.5,-10.9,-6.2,24.2,0,2.8,22,"TNNP",0
"736",2016-01-20,2016,1,20,-2.1,-11,-6.6,24.6,0,0,23,"TNNP",0
"737",2016-01-21,2016,1,21,-2.5,-11.4,-7,25,0,0,23,"TNNP",0
"738",2016-01-22,2016,1,22,-3.7,-12.3,-8,26,0,0,22,"TNNP",0
"739",2016-01-23,2016,1,23,-4.4,-10.8,-7.6,25.6,0,0,21,"TNNP",0
"740",2016-01-24,2016,1,24,-6.9,-13.2,-10.1,28.1,0,0.6,21,"TNNP",0
"741",2016-01-25,2016,1,25,-2.6,-14.8,-8.7,26.7,0,0,21,"TNNP",0
"742",2016-01-26,2016,1,26,3.9,-16.8,-6.5,24.5,0,0.6,21,"TNNP",0
"743",2016-01-27,2016,1,27,4.6,-4.5,0.1,17.9,0,0,17,"TNNP",0
"744",2016-01-28,2016,1,28,-2.2,-8.7,-5.5,23.5,0,0,13,"TNNP",0
"745",2016-01-29,2016,1,29,-1.2,-8.3,-4.8,22.8,0,28,13,"TNNP",0
"746",2016-01-30,2016,1,30,-2,-8.5,-5.3,23.3,0,13.9,37,"TNNP",0
"747",2016-01-31,2016,1,31,-1.1,-12.4,-6.8,24.8,0,1.3,39,"TNNP",0
"748",2016-02-01,2016,2,1,5.9,-1.1,2.4,15.6,0,1.3,37,"TNNP",0
"749",2016-02-02,2016,2,2,4.2,-10.6,-3.2,21.2,0,0,31,"TNNP",0
"750",2016-02-03,2016,2,3,-3.9,-12.9,-8.4,26.4,0,0,30,"TNNP",0
"751",2016-02-04,2016,2,4,4.7,-7.4,-1.4,19.4,0,7.8,31,"TNNP",0
"752",2016-02-05,2016,2,5,4.5,-0.5,2,16,0,8.8,28,"TNNP",0
"753",2016-02-06,2016,2,6,10.6,-9.3,0.7,17.3,0,16.7,21,"TNNP",0
"754",2016-02-07,2016,2,7,-1.9,-11,-6.5,24.5,0,1,20,"TNNP",0
"755",2016-02-08,2016,2,8,-5.8,-11.3,-8.6,26.6,0,0,21,"TNNP",0
"756",2016-02-09,2016,2,9,-2,-5.8,-3.9,21.9,0,19.3,23,"TNNP",0
"757",2016-02-10,2016,2,10,0.7,-6.3,-2.8,20.8,0,9.5,39,"TNNP",0
"758",2016-02-11,2016,2,11,-2.5,-8.9,-5.7,23.7,0,2.2,35,"TNNP",0
"759",2016-02-12,2016,2,12,-0.8,-11.6,-6.2,24.2,0,4.7,42,"TNNP",0
"760",2016-02-13,2016,2,13,-7.1,-14.2,-10.7,28.7,0,11,48,"TNNP",0
"761",2016-02-14,2016,2,14,-5.3,-14.2,-9.8,27.8,0,3.1,63,"TNNP",0
"762",2016-02-15,2016,2,15,-8.1,-18.7,-13.4,31.4,0,0,58,"TNNP",0
"763",2016-02-16,2016,2,16,3.3,-12.3,-4.5,22.5,0,1.5,54,"TNNP",0
"764",2016-02-17,2016,2,17,9.8,3.1,6.5,11.5,0,20.3,45,"TNNP",1.45
"765",2016-02-18,2016,2,18,6,-5.3,0.4,17.6,0,0,22,"TNNP",1.45
"766",2016-02-19,2016,2,19,-4.4,-12.8,-8.6,26.6,0,0,22,"TNNP",1.45
"767",2016-02-20,2016,2,20,-2,-12.7,-7.4,25.4,0,0,22,"TNNP",1.45
"768",2016-02-21,2016,2,21,-1.3,-9.9,-5.6,23.6,0,0.8,22,"TNNP",1.45
"769",2016-02-22,2016,2,22,3.2,-5.3,-1.1,19.1,0,0.8,22,"TNNP",1.45
"770",2016-02-23,2016,2,23,-4.6,-13,-8.8,26.8,0,0,22,"TNNP",1.45
"771",2016-02-24,2016,2,24,-4.8,-15.7,-10.3,28.3,0,2.1,22,"TNNP",1.45
"772",2016-02-25,2016,2,25,10.7,-5.1,2.8,15.2,0,14.7,27,"TNNP",1.45
"773",2016-02-26,2016,2,26,11,1.8,6.4,11.6,0,5.8,14,"TNNP",2.85
"774",2016-02-27,2016,2,27,2.6,-8,-2.7,20.7,0,0,12,"TNNP",2.85
"775",2016-02-28,2016,2,28,0.8,-8.3,-3.8,21.8,0,0,11,"TNNP",2.85
"776",2016-02-29,2016,2,29,8.1,-8.8,-0.4,18.4,0,0,11,"TNNP",2.85
"777",2016-03-01,2016,3,1,10,-6.3,1.9,16.1,0,6.6,5,"TNNP",2.85
"778",2016-03-02,2016,3,2,2.3,-6.8,-2.3,20.3,0,0,1,"TNNP",2.85
"779",2016-03-03,2016,3,3,9.5,-8.9,0.3,17.7,0,5.5,1,"TNNP",2.85
"780",2016-03-04,2016,3,4,-2.7,-10.7,-6.7,24.7,0,0.6,0,"TNNP",2.85
"781",2016-03-05,2016,3,5,-1.1,-11.7,-6.4,24.4,0,27.1,0,"TNNP",2.85
"782",2016-03-06,2016,3,6,-1.1,-11.5,-6.3,24.3,0,6,16,"TNNP",2.85
"783",2016-03-07,2016,3,7,-1.5,-13.4,-7.5,25.5,0,0,17,"TNNP",2.85
"784",2016-03-08,2016,3,8,2.9,-12.2,-4.7,22.7,0,0,17,"TNNP",2.85
"785",2016-03-09,2016,3,9,-4.1,-14.7,-9.4,27.4,0,0.6,16,"TNNP",2.85
"786",2016-03-10,2016,3,10,-2.2,-12.6,-7.4,25.4,0,5.4,21,"TNNP",2.85
"787",2016-03-11,2016,3,11,0.1,-15,-7.5,25.5,0,0,20,"TNNP",2.85
"788",2016-03-12,2016,3,12,-3.4,-10.9,-7.2,25.2,0,0,19,"TNNP",2.85
"789",2016-03-13,2016,3,13,-0.9,-11.8,-6.4,24.4,0,6.9,18,"TNNP",2.85
"790",2016-03-14,2016,3,14,-6.7,-12,-9.4,27.4,0,1.9,26,"TNNP",2.85
"791",2016-03-15,2016,3,15,1,-13.2,-6.1,24.1,0,0,24,"TNNP",2.85
"792",2016-03-16,2016,3,16,1.7,-9.1,-3.7,21.7,0,0.6,22,"TNNP",2.85
"793",2016-03-17,2016,3,17,3.7,-7.9,-2.1,20.1,0,0,20,"TNNP",2.85
"794",2016-03-18,2016,3,18,3.5,-7.5,-2,20,0,0,18,"TNNP",2.85
"795",2016-03-19,2016,3,19,4.1,-8.8,-2.4,20.4,0,1.3,19,"TNNP",2.85
"796",2016-03-20,2016,3,20,-1.9,-10.6,-6.3,24.3,0,0,15,"TNNP",2.85
"797",2016-03-21,2016,3,21,0.2,-12.5,-6.2,24.2,0,2.8,16,"TNNP",2.85
"798",2016-03-22,2016,3,22,3.9,-7,-1.6,19.6,0,5.8,16,"TNNP",2.85
"799",2016-03-23,2016,3,23,0,-9.9,-5,23,0,0,14,"TNNP",2.85
"800",2016-03-24,2016,3,24,-2.2,-10.3,-6.3,24.3,0,0,14,"TNNP",2.85
"801",2016-03-25,2016,3,25,-0.1,-10.9,-5.5,23.5,0,12,14,"TNNP",2.85
"802",2016-03-26,2016,3,26,-0.8,-9,-4.9,22.9,0,0.6,16,"TNNP",2.85
"803",2016-03-27,2016,3,27,4.4,-10.2,-2.9,20.9,0,0.6,15,"TNNP",2.85
"804",2016-03-28,2016,3,28,3.7,-6.1,-1.2,19.2,0,0,15,"TNNP",2.85
"805",2016-03-29,2016,3,29,5.8,-2.2,1.8,16.2,0,9.2,15,"TNNP",2.85
"806",2016-03-30,2016,3,30,2.5,-4.4,-1,19,0,0.7,15,"TNNP",2.85
"807",2016-03-31,2016,3,31,7.7,-3.5,2.1,15.9,0,0.6,12,"TNNP",2.85
"808",2016-04-01,2016,4,1,8.8,1.3,5.1,12.9,0,3.2,10,"TNNP",2.9
"809",2016-04-02,2016,4,2,13.5,0.3,6.9,11.1,0,11.6,4,"TNNP",4.8
"810",2016-04-03,2016,4,3,9.4,-0.4,4.5,13.5,0,8.5,0,"TNNP",4.8
"811",2016-04-04,2016,4,4,1,-8.1,-3.6,21.6,0,0.6,0,"TNNP",4.8
"812",2016-04-05,2016,4,5,-2.1,-9.5,-5.8,23.8,0,5.4,0,"TNNP",4.8
"813",2016-04-06,2016,4,6,-2.5,-10.5,-6.5,24.5,0,0.6,6,"TNNP",4.8
"814",2016-04-07,2016,4,7,4.1,-9.1,-2.5,20.5,0,0,0,"TNNP",4.8
"815",2016-04-08,2016,4,8,11.6,-0.6,5.5,12.5,0,0,0,"TNNP",5.3
"816",2016-04-09,2016,4,9,15.4,2.3,8.9,9.1,0,0.7,0,"TNNP",9.15
"817",2016-04-10,2016,4,10,13.4,-1.1,6.2,11.8,0,14.2,NA,"TNNP",10.3
"818",2016-04-11,2016,4,11,6,-4.7,0.7,17.3,0,0,NA,"TNNP",10.3
"819",2016-04-12,2016,4,12,7.1,-5.4,0.9,17.1,0,0.6,NA,"TNNP",10.3
"820",2016-04-13,2016,4,13,14.8,0.9,7.9,10.1,0,0,NA,"TNNP",13.15
"821",2016-04-14,2016,4,14,12.3,2.9,7.6,10.4,0,2.6,NA,"TNNP",15.75
"822",2016-04-15,2016,4,15,3.5,-0.5,1.5,16.5,0,3.9,NA,"TNNP",15.75
"823",2016-04-16,2016,4,16,1.8,-2.2,-0.2,18.2,0,0.6,NA,"TNNP",15.75
"824",2016-04-17,2016,4,17,10.8,-2.5,4.2,13.8,0,0,NA,"TNNP",15.75
"825",2016-04-18,2016,4,18,2.6,-5.5,-1.5,19.5,0,0.7,NA,"TNNP",15.75
"826",2016-04-19,2016,4,19,3.6,-7.2,-1.8,19.8,0,0,0,"TNNP",15.75
"827",2016-04-20,2016,4,20,-0.7,-4.4,-2.6,20.6,0,25.8,NA,"TNNP",15.75
"828",2016-04-21,2016,4,21,3.2,-2,0.6,17.4,0,4.6,8,"TNNP",15.75
"829",2016-04-22,2016,4,22,4.4,0.4,2.4,15.6,0,10.1,0,"TNNP",15.75
"830",2016-04-23,2016,4,23,9.4,-1.4,4,14,0,0.6,0,"TNNP",15.75
"831",2016-04-24,2016,4,24,15.2,-1.3,7,11,0,0.6,0,"TNNP",17.7
"832",2016-04-25,2016,4,25,7.5,-4.9,1.3,16.7,0,0.6,0,"TNNP",17.7
"833",2016-04-26,2016,4,26,4.3,-5.7,-0.7,18.7,0,0.6,0,"TNNP",17.7
"834",2016-04-27,2016,4,27,4.9,-2.9,1,17,0,7.7,1,"TNNP",17.7
"835",2016-04-28,2016,4,28,4.8,-4.2,0.3,17.7,0,6.5,0,"TNNP",17.7
"836",2016-04-29,2016,4,29,4.8,-3.9,0.5,17.5,0,1.4,0,"TNNP",17.7
"837",2016-04-30,2016,4,30,11,-1.6,4.7,13.3,0,0,0,"TNNP",17.7
"838",2016-05-01,2016,5,1,11.3,-1,5.2,12.8,0,0.6,NA,"TNNP",17.85
"839",2016-05-02,2016,5,2,10.4,1.3,5.9,12.1,0,0,NA,"TNNP",18.7
"840",2016-05-03,2016,5,3,14,-0.1,7,11,0,6.8,NA,"TNNP",20.65
"841",2016-05-04,2016,5,4,6.9,0.7,3.8,14.2,0,0.7,NA,"TNNP",20.65
"842",2016-05-05,2016,5,5,6,0.2,3.1,14.9,0,14.4,NA,"TNNP",20.65
"843",2016-05-06,2016,5,6,8,0.4,4.2,13.8,0,20.9,NA,"TNNP",20.65
"844",2016-05-07,2016,5,7,14.2,1.8,8,10,0,0.6,NA,"TNNP",23.65
"845",2016-05-08,2016,5,8,16.2,7.1,11.7,6.3,0,14.2,NA,"TNNP",30.3
"846",2016-05-09,2016,5,9,15.1,0.7,7.9,10.1,0,0,NA,"TNNP",33.2
"847",2016-05-10,2016,5,10,9.3,0.3,4.8,13.2,0,0,NA,"TNNP",33.2
"848",2016-05-11,2016,5,11,10,-0.6,4.7,13.3,0,2.3,NA,"TNNP",33.2
"849",2016-05-12,2016,5,12,4,-0.9,1.6,16.4,0,2.7,NA,"TNNP",33.2
"850",2016-05-13,2016,5,13,9.1,-0.7,4.2,13.8,0,0.6,NA,"TNNP",33.2
"851",2016-05-14,2016,5,14,11.1,-0.1,5.5,12.5,0,0,NA,"TNNP",33.7
"852",2016-05-15,2016,5,15,12.9,0.3,6.6,11.4,0,0,NA,"TNNP",35.3
"853",2016-05-16,2016,5,16,15.5,1.3,8.4,9.6,0,0,NA,"TNNP",38.7
"854",2016-05-17,2016,5,17,10.4,3.1,6.8,11.2,0,3.7,NA,"TNNP",40.45
"855",2016-05-18,2016,5,18,11.5,3.6,7.6,10.4,0,1.3,NA,"TNNP",43
"856",2016-05-19,2016,5,19,17.7,3.4,10.6,7.4,0,0,NA,"TNNP",48.55
"857",2016-05-20,2016,5,20,21.6,4.1,12.9,5.1,0,0,NA,"TNNP",56.4
"858",2016-05-21,2016,5,21,25.1,3,14.1,3.9,0,3.4,NA,"TNNP",65.45
"859",2016-05-22,2016,5,22,11.5,1.7,6.6,11.4,0,0.9,NA,"TNNP",67.05
"860",2016-05-23,2016,5,23,21.8,1.8,11.8,6.2,0,0,NA,"TNNP",73.85
"861",2016-05-24,2016,5,24,23.9,9.5,16.7,1.3,0,0,NA,"TNNP",85.55
"862",2016-05-25,2016,5,25,23,6.9,15,3,0,12.2,NA,"TNNP",95.5
"863",2016-05-26,2016,5,26,7,2.2,4.6,13.4,0,3.1,NA,"TNNP",95.5
"864",2016-05-27,2016,5,27,9.4,1.4,5.4,12.6,0,0,NA,"TNNP",95.9
"865",2016-05-28,2016,5,28,5,0.9,3,15,0,9.6,NA,"TNNP",95.9
"866",2016-05-29,2016,5,29,10,0.5,5.3,12.7,0,0,NA,"TNNP",96.15
"867",2016-05-30,2016,5,30,18.2,2.1,10.2,7.8,0,7.6,NA,"TNNP",101.3
"868",2016-05-31,2016,5,31,18.9,5.2,12.1,5.9,0,0,NA,"TNNP",108.35
"869",2016-06-01,2016,6,1,12,-1.5,5.3,12.7,0,0.7,NA,"TNNP",108.6
"870",2016-06-02,2016,6,2,11.9,-1.3,5.3,12.7,0,0,NA,"TNNP",108.9
"871",2016-06-03,2016,6,3,15.9,0.4,8.2,9.8,0,0,NA,"TNNP",112.05
"872",2016-06-04,2016,6,4,11.4,3.2,7.3,10.7,0,0,NA,"TNNP",114.35
"873",2016-06-05,2016,6,5,14.8,2.3,8.6,9.4,0,0,NA,"TNNP",117.9
"874",2016-06-06,2016,6,6,14,2.3,8.2,9.8,0,0,NA,"TNNP",121.05
"875",2016-06-07,2016,6,7,18.2,2.9,10.6,7.4,0,0,NA,"TNNP",126.6
"876",2016-06-08,2016,6,8,13.3,2.9,8.1,9.9,0,4.8,NA,"TNNP",129.7
"877",2016-06-09,2016,6,9,8.4,2.8,5.6,12.4,0,13.3,NA,"TNNP",130.3
"878",2016-06-10,2016,6,10,7,3.3,5.2,12.8,0,0.7,NA,"TNNP",130.45
"879",2016-06-11,2016,6,11,17.2,3.2,10.2,7.8,0,0,NA,"TNNP",135.65
"880",2016-06-12,2016,6,12,14.2,3.5,8.9,9.1,0,0.6,NA,"TNNP",139.5
"881",2016-06-13,2016,6,13,10.5,4.1,7.3,10.7,0,18,NA,"TNNP",141.8
"882",2016-06-14,2016,6,14,15.7,10.5,13.1,4.9,0,5.8,NA,"TNNP",149.9
"883",2016-06-15,2016,6,15,14.6,7,10.8,7.2,0,8.6,NA,"TNNP",155.7
"884",2016-06-16,2016,6,16,11.8,5.6,8.7,9.3,0,1.8,NA,"TNNP",159.4
"885",2016-06-17,2016,6,17,12.1,3,7.6,10.4,0,0.6,NA,"TNNP",161.95
"886",2016-06-18,2016,6,18,11,2.8,6.9,11.1,0,0,NA,"TNNP",163.85
"887",2016-06-19,2016,6,19,27.2,4.9,16.1,1.9,0,0,NA,"TNNP",174.9
"888",2016-06-20,2016,6,20,27.7,12.2,20,0,2,0,NA,"TNNP",189.85
"889",2016-06-21,2016,6,21,24.5,10.6,17.6,0.4,0,0,NA,"TNNP",202.4
"890",2016-06-22,2016,6,22,21.8,10.8,16.3,1.7,0,3.7,NA,"TNNP",213.7
"891",2016-06-23,2016,6,23,21,10.1,15.6,2.4,0,0.8,NA,"TNNP",224.25
"892",2016-06-24,2016,6,24,21.8,9.6,15.7,2.3,0,1.8,NA,"TNNP",234.95
"893",2016-06-25,2016,6,25,24,8.4,16.2,1.8,0,0,NA,"TNNP",246.15
"894",2016-06-26,2016,6,26,26.9,9.9,18.4,0,0.4,0,NA,"TNNP",259.55
"895",2016-06-27,2016,6,27,24.7,11.5,18.1,0,0.1,0,NA,"TNNP",272.65
"896",2016-06-28,2016,6,28,26.7,11.4,19.1,0,1.1,0,NA,"TNNP",286.7
"897",2016-06-29,2016,6,29,25.1,15.1,20.1,0,2.1,6.9,NA,"TNNP",301.8
"898",2016-06-30,2016,6,30,23.6,14.9,19.3,0,1.3,16.9,NA,"TNNP",316.05
"899",2016-07-01,2016,7,1,24.4,9.8,17.1,0.9,0,0,NA,"TNNP",328.15
"900",2016-07-02,2016,7,2,18.9,8.6,13.8,4.2,0,0,NA,"TNNP",336.9
"901",2016-07-03,2016,7,3,15.9,9.5,12.7,5.3,0,6.9,NA,"TNNP",344.6
"902",2016-07-04,2016,7,4,18.2,9.1,13.7,4.3,0,1.8,NA,"TNNP",353.25
"903",2016-07-05,2016,7,5,22.9,7.1,15,3,0,0.6,NA,"TNNP",363.25
"904",2016-07-06,2016,7,6,7.8,6.2,7,11,0,26.3,NA,"TNNP",365.25
"905",2016-07-07,2016,7,7,12.9,3.6,8.3,9.7,0,2.1,NA,"TNNP",368.5
"906",2016-07-08,2016,7,8,17.3,4,10.7,7.3,0,0,NA,"TNNP",374.15
"907",2016-07-09,2016,7,9,20.4,5.6,13,5,0,0,NA,"TNNP",382.15
"908",2016-07-10,2016,7,10,15.6,5.6,10.6,7.4,0,0,NA,"TNNP",387.75
"909",2016-07-11,2016,7,11,9.8,6.6,8.2,9.8,0,32,NA,"TNNP",390.95
"910",2016-07-12,2016,7,12,10.7,7.1,8.9,9.1,0,11.2,NA,"TNNP",394.85
"911",2016-07-13,2016,7,13,14.2,5.7,10,8,0,0,NA,"TNNP",399.8
"912",2016-07-14,2016,7,14,17.9,6.9,12.4,5.6,0,0,NA,"TNNP",407.2
"913",2016-07-15,2016,7,15,22.2,13.7,18,0,0,0,NA,"TNNP",420.15
"914",2016-07-16,2016,7,16,30.4,14.1,22.3,0,4.3,14.1,NA,"TNNP",437.4
"915",2016-07-17,2016,7,17,24.8,12.8,18.8,0,0.8,0,NA,"TNNP",451.2
"916",2016-07-18,2016,7,18,25.3,13.5,19.4,0,1.4,0,NA,"TNNP",465.6
"917",2016-07-19,2016,7,19,26.4,12.5,19.5,0,1.5,0,NA,"TNNP",480.05
"918",2016-07-20,2016,7,20,21.2,11.1,16.2,1.8,0,0,NA,"TNNP",491.2
"919",2016-07-21,2016,7,21,23.2,11.2,17.2,0.8,0,0,NA,"TNNP",503.4
"920",2016-07-22,2016,7,22,27.2,10.2,18.7,0,0.7,0,NA,"TNNP",517.1
"921",2016-07-23,2016,7,23,25.6,15.9,20.8,0,2.8,0,NA,"TNNP",532.85
"922",2016-07-24,2016,7,24,25.9,11.9,18.9,0,0.9,3.7,NA,"TNNP",546.75
"923",2016-07-25,2016,7,25,24.3,12.9,18.6,0,0.6,0,NA,"TNNP",560.35
"924",2016-07-26,2016,7,26,26.1,13.3,19.7,0,1.7,0,NA,"TNNP",575.05
"925",2016-07-27,2016,7,27,24.5,13.7,19.1,0,1.1,0,NA,"TNNP",589.15
"926",2016-07-28,2016,7,28,27.3,17.1,22.2,0,4.2,0,NA,"TNNP",606.35
"927",2016-07-29,2016,7,29,27.9,15.9,21.9,0,3.9,0,NA,"TNNP",623.25
"928",2016-07-30,2016,7,30,25.7,14.3,20,0,2,1.2,NA,"TNNP",638.25
"929",2016-07-31,2016,7,31,21.6,12.9,17.3,0.7,0,2.7,NA,"TNNP",650.5
"930",2016-08-01,2016,8,1,22.2,9.9,16.1,1.9,0,0,NA,"TNNP",661.55
"931",2016-08-02,2016,8,2,14.7,6.4,10.6,7.4,0,0,NA,"TNNP",667.1
"932",2016-08-03,2016,8,3,17.8,7.5,12.7,5.3,0,0,NA,"TNNP",674.75
"933",2016-08-04,2016,8,4,23.1,9.7,16.4,1.6,0,0,NA,"TNNP",686.15
"934",2016-08-05,2016,8,5,26.4,14.4,20.4,0,2.4,1.4,NA,"TNNP",701.55
"935",2016-08-06,2016,8,6,25.4,16.1,20.8,0,2.8,7.3,NA,"TNNP",717.3
"936",2016-08-07,2016,8,7,21.4,15.6,18.5,0,0.5,1.9,NA,"TNNP",730.8
"937",2016-08-08,2016,8,8,27.2,13.6,20.4,0,2.4,0.6,NA,"TNNP",746.2
"938",2016-08-09,2016,8,9,25.9,11.4,18.7,0,0.7,2,NA,"TNNP",759.85
"939",2016-08-10,2016,8,10,26.1,11.3,18.7,0,0.7,0,NA,"TNNP",773.55
"940",2016-08-11,2016,8,11,26.7,14.1,20.4,0,2.4,0,NA,"TNNP",788.95
"941",2016-08-12,2016,8,12,22.6,10.4,16.5,1.5,0,0,NA,"TNNP",800.45
"942",2016-08-13,2016,8,13,20.5,9.9,15.2,2.8,0,0,NA,"TNNP",810.65
"943",2016-08-14,2016,8,14,23.8,9.1,16.5,1.5,0,0,NA,"TNNP",822.1
"944",2016-08-15,2016,8,15,23,11.2,17.1,0.9,0,0,NA,"TNNP",834.2
"945",2016-08-16,2016,8,16,22.4,12.5,17.5,0.5,0,4.2,NA,"TNNP",846.65
"946",2016-08-17,2016,8,17,28.2,11.5,19.9,0,1.9,0,NA,"TNNP",861.5
"947",2016-08-18,2016,8,18,23.4,11.8,17.6,0.4,0,0,NA,"TNNP",874.1
"948",2016-08-19,2016,8,19,17.7,8.8,13.3,4.7,0,0,NA,"TNNP",882.35
"949",2016-08-20,2016,8,20,19.3,8.7,14,4,0,0,NA,"TNNP",891.35
"950",2016-08-21,2016,8,21,22.4,10.6,16.5,1.5,0,0,NA,"TNNP",902.85
"951",2016-08-22,2016,8,22,26.3,13.2,19.8,0,1.8,0.8,NA,"TNNP",917.6
"952",2016-08-23,2016,8,23,24.1,12.9,18.5,0,0.5,9.2,NA,"TNNP",931.1
"953",2016-08-24,2016,8,24,25.9,11.4,18.7,0,0.7,7.2,NA,"TNNP",944.75
"954",2016-08-25,2016,8,25,26.7,13.6,20.2,0,2.2,0,NA,"TNNP",959.9
"955",2016-08-26,2016,8,26,20,16.3,18.2,0,0.2,17.7,NA,"TNNP",973.05
"956",2016-08-27,2016,8,27,16.9,8.5,12.7,5.3,0,17.3,NA,"TNNP",980.75
"957",2016-08-28,2016,8,28,19.6,8.6,14.1,3.9,0,0,NA,"TNNP",989.85
"958",2016-08-29,2016,8,29,19.3,9.4,14.4,3.6,0,6.9,NA,"TNNP",999.2
"959",2016-08-30,2016,8,30,14.6,6,10.3,7.7,0,9.6,NA,"TNNP",1004.5
"960",2016-08-31,2016,8,31,18.6,5.4,12,6,0,1,NA,"TNNP",1011.5
"961",2016-09-01,2016,9,1,17.6,5.8,11.7,6.3,0,0.7,NA,"TNNP",1018.2
"962",2016-09-02,2016,9,2,14.7,5,9.9,8.1,0,0,NA,"TNNP",1023.05
"963",2016-09-03,2016,9,3,14,4,9,9,0,0.6,NA,"TNNP",1027.05
"964",2016-09-04,2016,9,4,14.5,3.5,9,9,0,0.6,NA,"TNNP",1031.05
"965",2016-09-05,2016,9,5,25.9,6.5,16.2,1.8,0,0,NA,"TNNP",1042.25
"966",2016-09-06,2016,9,6,26.3,11.7,19,0,1,0,NA,"TNNP",1056.25
"967",2016-09-07,2016,9,7,25.1,17.6,21.4,0,3.4,0,NA,"TNNP",1072.6
"968",2016-09-08,2016,9,8,19,9.1,14.1,3.9,0,11.2,NA,"TNNP",1081.65
"969",2016-09-09,2016,9,9,15.8,9.2,12.5,5.5,0,17.8,NA,"TNNP",1089.15
"970",2016-09-10,2016,9,10,16.4,4.1,10.3,7.7,0,2,NA,"TNNP",1094.4
"971",2016-09-11,2016,9,11,16.8,3.6,10.2,7.8,0,0,NA,"TNNP",1099.6
"972",2016-09-12,2016,9,12,19.6,9.5,14.6,3.4,0,0.6,NA,"TNNP",1109.15
"973",2016-09-13,2016,9,13,24.1,8.8,16.5,1.5,0,0,NA,"TNNP",1120.6
"974",2016-09-14,2016,9,14,24,12.9,18.5,0,0.5,0,NA,"TNNP",1134.05
"975",2016-09-15,2016,9,15,15,3.1,9.1,8.9,0,1.8,NA,"TNNP",1138.1
"976",2016-09-16,2016,9,16,18.4,2.6,10.5,7.5,0,0,NA,"TNNP",1143.6
"977",2016-09-17,2016,9,17,19.8,7.5,13.7,4.3,0,0,NA,"TNNP",1152.25
"978",2016-09-18,2016,9,18,16.2,9.3,12.8,5.2,0,18.7,NA,"TNNP",1160
"979",2016-09-19,2016,9,19,9.3,4.7,7,11,0,1.8,NA,"TNNP",1162
"980",2016-09-20,2016,9,20,11.6,5.2,8.4,9.6,0,0,NA,"TNNP",1165.4
"981",2016-09-21,2016,9,21,21.3,9.5,15.4,2.6,0,0,NA,"TNNP",1175.8
"982",2016-09-22,2016,9,22,20.4,8,14.2,3.8,0,0,NA,"TNNP",1185
"983",2016-09-23,2016,9,23,13.9,7.9,10.9,7.1,0,5.6,NA,"TNNP",1190.9
"984",2016-09-24,2016,9,24,11.6,3.2,7.4,10.6,0,5.7,NA,"TNNP",1193.3
"985",2016-09-25,2016,9,25,13.7,1.7,7.7,10.3,0,0.7,NA,"TNNP",1196
"986",2016-09-26,2016,9,26,9.7,3.2,6.5,11.5,0,4,NA,"TNNP",1197.45
"987",2016-09-27,2016,9,27,11.1,1.7,6.4,11.6,0,2.2,NA,"TNNP",1198.85
"988",2016-09-28,2016,9,28,11.4,2.9,7.2,10.8,0,0,NA,"TNNP",1201
"989",2016-09-29,2016,9,29,7.6,1.7,4.7,13.3,0,43.5,NA,"TNNP",1201
"990",2016-09-30,2016,9,30,15.9,2.9,9.4,8.6,0,0,NA,"TNNP",1205.4
"991",2016-10-01,2016,10,1,18.3,2.7,10.5,7.5,0,0,NA,"TNNP",1210.9
"992",2016-10-02,2016,10,2,15.7,1.5,8.6,9.4,0,0.6,NA,"TNNP",1214.5
"993",2016-10-03,2016,10,3,10.5,-0.2,5.2,12.8,0,1.2,NA,"TNNP",1214.65
"994",2016-10-04,2016,10,4,13.1,-0.1,6.5,11.5,0,0,NA,"TNNP",1216.15
"995",2016-10-05,2016,10,5,19.9,5.8,12.9,5.1,0,0,NA,"TNNP",1224
"996",2016-10-06,2016,10,6,21.6,5.6,13.6,4.4,0,0,NA,"TNNP",1232.6
"997",2016-10-07,2016,10,7,21.2,0.4,10.8,7.2,0,0,NA,"TNNP",1238.4
"998",2016-10-08,2016,10,8,12.6,0.4,6.5,11.5,0,0,NA,"TNNP",1239.9
"999",2016-10-09,2016,10,9,13.7,7.2,10.5,7.5,0,0,NA,"TNNP",1245.35
"1000",2016-10-10,2016,10,10,17.6,5.1,11.4,6.6,0,73.6,NA,"TNNP",1251.7
"1001",2016-10-11,2016,10,11,5.1,-0.7,2.2,15.8,0,2.1,NA,"TNNP",1251.7
"1002",2016-10-12,2016,10,12,16.9,-0.6,8.2,9.8,0,0,0,"TNNP",1254.85
"1003",2016-10-13,2016,10,13,16.5,4,10.3,7.7,0,0,NA,"TNNP",1260.1
"1004",2016-10-14,2016,10,14,14.7,6.1,10.4,7.6,0,0,0,"TNNP",1265.5
"1005",2016-10-15,2016,10,15,7.6,-1.1,3.3,14.7,0,0.6,NA,"TNNP",1265.5
"1006",2016-10-16,2016,10,16,10.7,-1.7,4.5,13.5,0,0,NA,"TNNP",1265.5
"1007",2016-10-17,2016,10,17,8.7,1.7,5.2,12.8,0,1.4,NA,"TNNP",1265.7
"1008",2016-10-18,2016,10,18,5.8,-0.9,2.5,15.5,0,0,NA,"TNNP",1265.7
"1009",2016-10-19,2016,10,19,12.5,-1.5,5.5,12.5,0,0.9,NA,"TNNP",1266.2
"1010",2016-10-20,2016,10,20,9.1,-2.1,3.5,14.5,0,0.6,NA,"TNNP",1266.2
"1011",2016-10-21,2016,10,21,8.4,-2,3.2,14.8,0,0.6,2,"TNNP",1266.2
"1012",2016-10-22,2016,10,22,17.7,5.8,11.8,6.2,0,28.5,NA,"TNNP",1272.95
"1013",2016-10-23,2016,10,23,17.3,9.2,13.3,4.7,0,3.6,NA,"TNNP",1281.2
"1014",2016-10-24,2016,10,24,10.8,3.7,7.3,10.7,0,3.9,NA,"TNNP",1283.45
"1015",2016-10-25,2016,10,25,11.5,1.9,6.7,11.3,0,0.6,NA,"TNNP",1285.15
"1016",2016-10-26,2016,10,26,3.6,0.7,2.2,15.8,0,4.4,NA,"TNNP",1285.15
"1017",2016-10-27,2016,10,27,3.3,-1.1,1.1,16.9,0,3.6,NA,"TNNP",1285.15
"1018",2016-10-28,2016,10,28,4.8,-3.1,0.9,17.1,0,1.3,NA,"TNNP",1285.15
"1019",2016-10-29,2016,10,29,7.5,-3.3,2.1,15.9,0,9,NA,"TNNP",1285.15
"1020",2016-10-30,2016,10,30,12.2,3.7,8,10,0,4.9,NA,"TNNP",1288.1
"1021",2016-10-31,2016,10,31,8.8,2.2,5.5,12.5,0,0.7,NA,"TNNP",1288.6
"1022",2016-11-01,2016,11,1,5,2,3.5,14.5,0,20.1,NA,"TNNP",1288.6
"1023",2016-11-02,2016,11,2,8.1,4.9,6.5,11.5,0,5.5,NA,"TNNP",1290.1
"1024",2016-11-03,2016,11,3,11,3.3,7.2,10.8,0,3.6,NA,"TNNP",1292.25
"1025",2016-11-04,2016,11,4,6.9,3,5,13,0,2,NA,"TNNP",1292.25
"1026",2016-11-05,2016,11,5,7.3,0.4,3.9,14.1,0,0,NA,"TNNP",1292.25
"1027",2016-11-06,2016,11,6,3.3,-1.4,1,17,0,0.6,NA,"TNNP",1292.25
"1028",2016-11-07,2016,11,7,7.2,-3.1,2.1,15.9,0,0.7,NA,"TNNP",1292.25
"1029",2016-11-08,2016,11,8,10.5,-0.6,5,13,0,0,NA,"TNNP",1292.25
"1030",2016-11-09,2016,11,9,6,0.6,3.3,14.7,0,0,NA,"TNNP",1292.25
"1031",2016-11-10,2016,11,10,4,0.5,2.3,15.7,0,0.7,NA,"TNNP",1292.25
"1032",2016-11-11,2016,11,11,8.5,0.8,4.7,13.3,0,0.6,NA,"TNNP",1292.25
"1033",2016-11-12,2016,11,12,8.2,-2.3,3,15,0,0.7,NA,"TNNP",1292.25
"1034",2016-11-13,2016,11,13,7.2,1.3,4.3,13.7,0,0.6,NA,"TNNP",1292.25
"1035",2016-11-14,2016,11,14,10.4,1.8,6.1,11.9,0,0,NA,"TNNP",1293.35
"1036",2016-11-15,2016,11,15,8.7,0.5,4.6,13.4,0,0,NA,"TNNP",1293.35
"1037",2016-11-16,2016,11,16,5.5,1.3,3.4,14.6,0,6.2,NA,"TNNP",1293.35
"1038",2016-11-17,2016,11,17,13,4.9,9,9,0,9.1,NA,"TNNP",1297.3
"1039",2016-11-18,2016,11,18,13,5.5,9.3,8.7,0,14.9,NA,"TNNP",1301.55
"1040",2016-11-19,2016,11,19,6.4,3.3,4.9,13.1,0,10.4,NA,"TNNP",1301.55
"1041",2016-11-20,2016,11,20,14.8,5.8,10.3,7.7,0,15.7,NA,"TNNP",1306.85
"1042",2016-11-21,2016,11,21,15,11.6,13.3,4.7,0,4,NA,"TNNP",1315.15
"1043",2016-11-22,2016,11,22,14.5,7.6,11.1,6.9,0,3,NA,"TNNP",1321.2
"1044",2016-11-23,2016,11,23,7.6,-0.6,3.5,14.5,0,7.6,NA,"TNNP",1321.2
"1045",2016-11-24,2016,11,24,1.7,-0.7,0.5,17.5,0,2,NA,"TNNP",1321.2
"1046",2016-11-25,2016,11,25,0.1,-3.2,-1.6,19.6,0,0,0,"TNNP",1321.2
"1047",2016-11-26,2016,11,26,-1.4,-4.3,-2.9,20.9,0,0,0,"TNNP",1321.2
"1048",2016-11-27,2016,11,27,7.1,-4.8,1.2,16.8,0,13.5,0,"TNNP",1321.2
"1049",2016-11-28,2016,11,28,6.6,-1.3,2.7,15.3,0,0,0,"TNNP",1321.2
"1050",2016-11-29,2016,11,29,2.5,-1.8,0.4,17.6,0,0.6,0,"TNNP",1321.2
"1051",2016-11-30,2016,11,30,1.1,-3.4,-1.2,19.2,0,0.6,0,"TNNP",1321.2
"1052",2016-12-01,2016,12,1,-1,-4.4,-2.7,20.7,0,0,0,"TNNP",1321.2
"1053",2016-12-02,2016,12,2,1,-1.1,-0.1,18.1,0,10.6,0,"TNNP",1321.2
"1054",2016-12-03,2016,12,3,1.1,-0.9,0.1,17.9,0,8.7,0,"TNNP",1321.2
"1055",2016-12-04,2016,12,4,-0.1,-5.7,-2.9,20.9,0,4.6,0,"TNNP",1321.2
"1056",2016-12-05,2016,12,5,-2.2,-8.3,-5.3,23.3,0,0.6,0,"TNNP",1321.2
"1057",2016-12-06,2016,12,6,-4.4,-7.4,-5.9,23.9,0,0,0,"TNNP",1321.2
"1058",2016-12-07,2016,12,7,-4.7,-8.8,-6.8,24.8,0,0,1,"TNNP",1321.2
"1059",2016-12-08,2016,12,8,-0.3,-10.4,-5.4,23.4,0,0.8,1,"TNNP",1321.2
"1060",2016-12-09,2016,12,9,0.1,-6,-3,21,0,16.9,10,"TNNP",1321.2
"1061",2016-12-10,2016,12,10,-2.1,-9,-5.6,23.6,0,0.6,12,"TNNP",1321.2
"1062",2016-12-11,2016,12,11,-7.5,-12.4,-10,28,0,0,11,"TNNP",1321.2
"1063",2016-12-12,2016,12,12,-7.1,-12.1,-9.6,27.6,0,0,11,"TNNP",1321.2
"1064",2016-12-13,2016,12,13,-4.6,-10.4,-7.5,25.5,0,12.3,17,"TNNP",1321.2
"1065",2016-12-14,2016,12,14,-0.7,-13.8,-7.3,25.3,0,2,23,"TNNP",1321.2
"1066",2016-12-15,2016,12,15,0,-9.4,-4.7,22.7,0,11.1,31,"TNNP",1321.2
"1067",2016-12-16,2016,12,16,-0.7,-10.9,-5.8,23.8,0,5.9,39,"TNNP",1321.2
"1068",2016-12-17,2016,12,17,-7.7,-12.7,-10.2,28.2,0,0,37,"TNNP",1321.2
"1069",2016-12-18,2016,12,18,7.6,-8.2,-0.3,18.3,0,12.8,36,"TNNP",1321.2
"1070",2016-12-19,2016,12,19,5.9,-15.3,-4.7,22.7,0,0,24,"TNNP",1321.2
"1071",2016-12-20,2016,12,20,-5,-15.4,-10.2,28.2,0,0,23,"TNNP",1321.2
"1072",2016-12-21,2016,12,21,0.5,-5.8,-2.7,20.7,0,1.3,23,"TNNP",1321.2
"1073",2016-12-22,2016,12,22,0,-5.8,-2.9,20.9,0,0.6,22,"TNNP",1321.2
"1074",2016-12-23,2016,12,23,-1.7,-8.3,-5,23,0,0.7,22,"TNNP",1321.2
"1075",2016-12-24,2016,12,24,1.5,-10.8,-4.7,22.7,0,0.6,22,"TNNP",1321.2
"1076",2016-12-25,2016,12,25,3.3,-6.1,-1.4,19.4,0,17.3,20,"TNNP",1321.2
"1077",2016-12-26,2016,12,26,-6.1,-15.9,-11,29,0,0.7,26,"TNNP",1321.2
"1078",2016-12-27,2016,12,27,1.6,-15.2,-6.8,24.8,0,5.1,23,"TNNP",1321.2
"1079",2016-12-28,2016,12,28,-0.1,-7.1,-3.6,21.6,0,0.6,27,"TNNP",1321.2
"1080",2016-12-29,2016,12,29,-2.4,-8,-5.2,23.2,0,0.7,26,"TNNP",1321.2
"1081",2016-12-30,2016,12,30,3.6,-8.5,-2.5,20.5,0,8.2,25,"TNNP",1321.2
"1082",2016-12-31,2016,12,31,1.8,-4.8,-1.5,19.5,0,14.4,21,"TNNP",1321.2
"1083",2017-01-01,2017,1,1,-1,-8.5,-4.8,22.8,0,3.7,27,"TNNP",0
"1084",2017-01-02,2017,1,2,1,-3.1,-1.1,19.1,0,13.8,44,"TNNP",0
"1085",2017-01-03,2017,1,3,-3.1,-7.3,-5.2,23.2,0,0,41,"TNNP",0
"1086",2017-01-04,2017,1,4,-0.5,-7.4,-4,22,0,4.4,41,"TNNP",0
"1087",2017-01-05,2017,1,5,4,-2.4,0.8,17.2,0,2.2,40,"TNNP",0
"1088",2017-01-07,2017,1,7,-4,-10.9,-7.5,25.5,0,9.5,55,"TNNP",0
"1089",2017-02-01,2017,2,1,-3,-14.3,-8.7,26.7,0,1.2,31,"TNNP",0
"1090",2017-02-02,2017,2,2,-3.4,-11.1,-7.3,25.3,0,0,32,"TNNP",0
"1091",2017-02-03,2017,2,3,-1.5,-14.1,-7.8,25.8,0,0.6,31,"TNNP",0
"1092",2017-02-04,2017,2,4,-7.7,-17.6,-12.7,30.7,0,0.9,32,"TNNP",0
"1093",2017-02-05,2017,2,5,-10.8,-18.1,-14.5,32.5,0,0,32,"TNNP",0
"1094",2017-02-06,2017,2,6,-4.3,-13.7,-9,27,0,17,33,"TNNP",0
"1095",2017-02-07,2017,2,7,-11.1,-19.1,-15.1,33.1,0,0.6,56,"TNNP",0
"1096",2017-02-08,2017,2,8,-0.3,-21.7,-11,29,0,7.1,52,"TNNP",0
"1097",2017-02-09,2017,2,9,1.3,-7,-2.9,20.9,0,2.1,50,"TNNP",0
"1098",2017-02-10,2017,2,10,6.8,-9.5,-1.4,19.4,0,11.3,51,"TNNP",0
"1099",2017-02-11,2017,2,11,-5.9,-16,-11,29,0,0,48,"TNNP",0
"1100",2017-02-12,2017,2,12,-5.4,-17.2,-11.3,29.3,0,0.7,47,"TNNP",0
"1101",2017-02-13,2017,2,13,-4.6,-15.4,-10,28,0,0,47,"TNNP",0
"1102",2017-02-14,2017,2,14,-2.1,-4.8,-3.5,21.5,0,34.1,46,"TNNP",0
"1103",2017-02-15,2017,2,15,-1,-3.4,-2.2,20.2,0,17.1,78,"TNNP",0
"1104",2017-02-16,2017,2,16,0.1,-3.6,-1.8,19.8,0,4.2,75,"TNNP",0
"1105",2017-02-17,2017,2,17,0.5,-3.4,-1.5,19.5,0,0,76,"TNNP",0
"1106",2017-02-18,2017,2,18,0.8,-4.9,-2.1,20.1,0,0,73,"TNNP",0
"1107",2017-02-19,2017,2,19,1.6,-4.3,-1.4,19.4,0,5.5,70,"TNNP",0
"1108",2017-02-20,2017,2,20,-1.9,-4.5,-3.2,21.2,0,2.6,74,"TNNP",0
"1109",2017-02-21,2017,2,21,-3.8,-8.6,-6.2,24.2,0,0,73,"TNNP",0
"1110",2017-02-22,2017,2,22,0.2,-9.4,-4.6,22.6,0,0.6,71,"TNNP",0
"1111",2017-02-23,2017,2,23,3.7,-7.9,-2.1,20.1,0,0,69,"TNNP",0
"1112",2017-02-24,2017,2,24,4.8,-2.5,1.2,16.8,0,2.2,68,"TNNP",0
"1113",2017-02-25,2017,2,25,0,-3.2,-1.6,19.6,0,1.7,66,"TNNP",0
"1114",2017-02-26,2017,2,26,8.1,-1.2,3.5,14.5,0,2.7,62,"TNNP",0
"1115",2017-02-27,2017,2,27,0.3,-4.3,-2,20,0,0,51,"TNNP",0
"1116",2017-02-28,2017,2,28,-1.5,-10,-5.8,23.8,0,0.6,51,"TNNP",0
"1117",2017-03-01,2017,3,1,2,-11.8,-4.9,22.9,0,3.6,50,"TNNP",0
"1118",2017-03-02,2017,3,2,4.3,-2,1.2,16.8,0,5.1,49,"TNNP",0
"1119",2017-03-03,2017,3,3,1.5,-8.2,-3.4,21.4,0,0,47,"TNNP",0
"1120",2017-03-04,2017,3,4,-3.9,-12,-8,26,0,0.7,46,"TNNP",0
"1121",2017-03-05,2017,3,5,-0.9,-12,-6.5,24.5,0,4.7,50,"TNNP",0
"1122",2017-03-06,2017,3,6,1.8,-5.9,-2.1,20.1,0,2.8,50,"TNNP",0
"1123",2017-03-07,2017,3,7,2,-6.7,-2.4,20.4,0,0,48,"TNNP",0
"1124",2017-03-08,2017,3,8,5.3,-8,-1.4,19.4,0,0.6,47,"TNNP",0
"1125",2017-03-09,2017,3,9,7,-1.1,3,15,0,2.5,47,"TNNP",0
"1126",2017-03-10,2017,3,10,1.1,-8.2,-3.6,21.6,0,4.3,51,"TNNP",0
"1127",2017-03-11,2017,3,11,1.4,-13.6,-6.1,24.1,0,17.1,54,"TNNP",0
"1128",2017-03-12,2017,3,12,-6.8,-14.5,-10.7,28.7,0,0,56,"TNNP",0
"1129",2017-03-13,2017,3,13,0.5,-7.1,-3.3,21.3,0,0,55,"TNNP",0
"1130",2017-03-14,2017,3,14,1.2,-7.1,-3,21,0,0,54,"TNNP",0
"1131",2017-03-15,2017,3,15,5.5,-5.4,0.1,17.9,0,13.5,58,"TNNP",0
"1132",2017-03-16,2017,3,16,6.7,-1.8,2.5,15.5,0,0.6,51,"TNNP",0
"1133",2017-03-17,2017,3,17,3.2,-3.1,0.1,17.9,0,0,46,"TNNP",0
"1134",2017-03-18,2017,3,18,-2.6,-7.8,-5.2,23.2,0,1.2,47,"TNNP",0
"1135",2017-03-19,2017,3,19,5.5,-11,-2.8,20.8,0,0,46,"TNNP",0
"1136",2017-03-20,2017,3,20,-1.4,-4.2,-2.8,20.8,0,24.6,45,"TNNP",0
"1137",2017-03-21,2017,3,21,0.4,-3,-1.3,19.3,0,9.8,69,"TNNP",0
"1138",2017-03-22,2017,3,22,3.6,-2.8,0.4,17.6,0,6.6,58,"TNNP",0
"1139",2017-03-23,2017,3,23,2.4,-10.5,-4.1,22.1,0,10.9,65,"TNNP",0
"1140",2017-03-24,2017,3,24,-5.1,-15,-10.1,28.1,0,0,61,"TNNP",0
"1141",2017-03-25,2017,3,25,1,-15.2,-7.1,25.1,0,2.2,61,"TNNP",0
"1142",2017-03-26,2017,3,26,-6.7,-15,-10.9,28.9,0,0,61,"TNNP",0
"1143",2017-03-27,2017,3,27,-4.4,-16.1,-10.3,28.3,0,0,61,"TNNP",0
"1144",2017-03-28,2017,3,28,1.7,-8,-3.2,21.2,0,0,60,"TNNP",0
"1145",2017-03-29,2017,3,29,3.8,-3.4,0.2,17.8,0,0,58,"TNNP",0
"1146",2017-03-30,2017,3,30,0.1,-2.1,-1,19,0,11.9,55,"TNNP",0
"1147",2017-03-31,2017,3,31,0.3,-1.8,-0.8,18.8,0,43.1,62,"TNNP",0
"1148",2017-04-01,2017,4,1,-1.3,-4.2,-2.8,20.8,0,10.6,67,"TNNP",0
"1149",2017-04-02,2017,4,2,-2.1,-4.5,-3.3,21.3,0,0.8,69,"TNNP",0
"1150",2017-04-03,2017,4,3,-0.8,-2.7,-1.8,19.8,0,49.1,80,"TNNP",0
"1151",2017-04-04,2017,4,4,-1,-3.1,-2.1,20.1,0,13.7,87,"TNNP",0
"1152",2017-04-05,2017,4,5,-0.8,-6.2,-3.5,21.5,0,0,86,"TNNP",0
"1153",2017-04-06,2017,4,6,2,-7.5,-2.8,20.8,0,0,84,"TNNP",0
"1154",2017-04-07,2017,4,7,2.3,-4.2,-1,19,0,3.1,82,"TNNP",0
"1155",2017-04-08,2017,4,8,8.3,2.1,5.2,12.8,0,13.1,75,"TNNP",0.2
"1156",2017-04-09,2017,4,9,6.3,0.8,3.6,14.4,0,0.6,65,"TNNP",0.2
"1157",2017-04-10,2017,4,10,7.5,-1.3,3.1,14.9,0,0,60,"TNNP",0.2
"1158",2017-04-11,2017,4,11,9.7,-1.7,4,14,0,0,56,"TNNP",0.2
"1159",2017-04-12,2017,4,12,1.2,-1.6,-0.2,18.2,0,0,50,"TNNP",0.2
"1160",2017-04-13,2017,4,13,4.5,-1.6,1.5,16.5,0,0,49,"TNNP",0.2
"1161",2017-04-14,2017,4,14,4.3,-2.7,0.8,17.2,0,0,46,"TNNP",0.2
"1162",2017-04-15,2017,4,15,4,-4.8,-0.4,18.4,0,0,44,"TNNP",0.2
"1163",2017-04-16,2017,4,16,8.2,-5.1,1.6,16.4,0,3.3,42,"TNNP",0.2
"1164",2017-04-17,2017,4,17,3.4,-7.3,-2,20,0,14.2,37,"TNNP",0.2
"1165",2017-04-18,2017,4,18,-3,-7.9,-5.5,23.5,0,0.6,37,"TNNP",0.2
"1166",2017-04-19,2017,4,19,2.5,-7.6,-2.6,20.6,0,0,37,"TNNP",0.2
"1167",2017-04-20,2017,4,20,3.9,-8.3,-2.2,20.2,0,1.5,36,"TNNP",0.2
"1168",2017-04-21,2017,4,21,2,-2,0,18,0,5.5,37,"TNNP",0.2
"1169",2017-04-22,2017,4,22,2.4,-1.9,0.3,17.7,0,1.9,33,"TNNP",0.2
"1170",2017-04-23,2017,4,23,0.8,-3.6,-1.4,19.4,0,8.8,32,"TNNP",0.2
"1171",2017-04-24,2017,4,24,8.8,-4,2.4,15.6,0,0.6,37,"TNNP",0.2
"1172",2017-04-25,2017,4,25,5,-4.1,0.5,17.5,0,0,25,"TNNP",0.2
"1173",2017-04-26,2017,4,26,9,-4.6,2.2,15.8,0,0.7,22,"TNNP",0.2
"1174",2017-04-27,2017,4,27,6.6,-1.8,2.4,15.6,0,14.3,14,"TNNP",0.2
"1175",2017-04-28,2017,4,28,5.7,-1,2.4,15.6,0,18.5,14,"TNNP",0.2
"1176",2017-04-29,2017,4,29,14.9,4.3,9.6,8.4,0,0,4,"TNNP",4.8
"1177",2017-04-30,2017,4,30,5.8,-4.1,0.9,17.1,0,0.6,NA,"TNNP",4.8
"1178",2017-05-01,2017,5,1,4.2,-5.3,-0.6,18.6,0,0,NA,"TNNP",4.8
"1179",2017-05-02,2017,5,2,5.8,-5.9,-0.1,18.1,0,4.3,NA,"TNNP",4.8
"1180",2017-05-03,2017,5,3,11.6,-1,5.3,12.7,0,4.1,NA,"TNNP",5.1
"1181",2017-05-04,2017,5,4,12,1.1,6.6,11.4,0,0,NA,"TNNP",6.65
"1182",2017-05-05,2017,5,5,12.7,-0.8,6,12,0,0,NA,"TNNP",7.6
"1183",2017-05-06,2017,5,6,11.9,-2.3,4.8,13.2,0,0,NA,"TNNP",7.6
"1184",2017-05-07,2017,5,7,10.4,-2,4.2,13.8,0,0,NA,"TNNP",7.6
"1185",2017-05-08,2017,5,8,6.6,0.7,3.7,14.3,0,NA,NA,"TNNP",7.6
"1186",2017-05-09,2017,5,9,5.6,0.8,3.2,14.8,0,0.6,NA,"TNNP",7.6
"1187",2017-05-10,2017,5,10,6.9,0.8,3.9,14.1,0,0.6,NA,"TNNP",7.6
"1188",2017-05-11,2017,5,11,4.7,0.5,2.6,15.4,0,0.6,NA,"TNNP",7.6
"1189",2017-05-12,2017,5,12,7.4,-1.4,3,15,0,0.6,NA,"TNNP",7.6
"1190",2017-05-13,2017,5,13,8.3,-1.5,3.4,14.6,0,0,NA,"TNNP",7.6
"1191",2017-05-14,2017,5,14,14.4,-1.7,6.4,11.6,0,0,NA,"TNNP",8.95
"1192",2017-05-15,2017,5,15,17.7,-2,7.9,10.1,0,3.4,NA,"TNNP",11.8
"1193",2017-05-16,2017,5,16,12.9,1.6,7.3,10.7,0,0.6,NA,"TNNP",14.05
"1194",2017-05-17,2017,5,17,9.9,2.8,6.4,11.6,0,3,NA,"TNNP",15.4
"1195",2017-05-18,2017,5,18,12.3,-0.2,6.1,11.9,0,0.6,NA,"TNNP",16.45
"1196",2017-05-19,2017,5,19,11.2,-0.2,5.5,12.5,0,0.6,NA,"TNNP",16.95
"1197",2017-05-20,2017,5,20,5.7,-0.2,2.8,15.2,0,16.1,NA,"TNNP",16.95
"1198",2017-05-21,2017,5,21,3.3,-0.2,1.6,16.4,0,14.3,NA,"TNNP",16.95
"1199",2017-05-22,2017,5,22,5,-1.4,1.8,16.2,0,0.6,NA,"TNNP",16.95
"1200",2017-05-23,2017,5,23,10.7,-1.3,4.7,13.3,0,0,NA,"TNNP",16.95
"1201",2017-05-24,2017,5,24,13.2,0.9,7.1,10.9,0,0.7,NA,"TNNP",19
"1202",2017-05-25,2017,5,25,10,-1.2,4.4,13.6,0,0,NA,"TNNP",19
"1203",2017-05-26,2017,5,26,16.8,-1,7.9,10.1,0,0,NA,"TNNP",21.9
"1204",2017-05-27,2017,5,27,4.6,-1.9,1.4,16.6,0,0,NA,"TNNP",21.9
"1205",2017-05-28,2017,5,28,9.4,-1.3,4.1,13.9,0,0.6,NA,"TNNP",21.9
"1206",2017-05-29,2017,5,29,4.8,1.3,3.1,14.9,0,2.5,NA,"TNNP",21.9
"1207",2017-05-30,2017,5,30,18.7,1.1,9.9,8.1,0,0,NA,"TNNP",26.8
"1208",2017-05-31,2017,5,31,20.2,3.6,11.9,6.1,0,0,NA,"TNNP",33.7
"1209",2017-06-01,2017,6,1,14.9,6.9,10.9,7.1,0,2,NA,"TNNP",39.6
"1210",2017-06-02,2017,6,2,14,4.5,9.3,8.7,0,6.6,NA,"TNNP",43.85
"1211",2017-06-03,2017,6,3,13.1,4.3,8.7,9.3,0,1.3,NA,"TNNP",47.55
"1212",2017-06-04,2017,6,4,9.3,2.8,6.1,11.9,0,0.6,NA,"TNNP",48.6
"1213",2017-06-05,2017,6,5,5.9,1.7,3.8,14.2,0,16.3,NA,"TNNP",48.6
"1214",2017-06-06,2017,6,6,12.8,1.1,7,11,0,0,NA,"TNNP",50.55
"1215",2017-06-07,2017,6,7,18.5,0,9.3,8.7,0,0,NA,"TNNP",54.8
"1216",2017-06-08,2017,6,8,17.9,0,9,9,0,0,NA,"TNNP",58.75
"1217",2017-06-09,2017,6,9,25.1,7.2,16.2,1.8,0,0.7,NA,"TNNP",69.9
"1218",2017-06-10,2017,6,10,19.1,7.8,13.5,4.5,0,2.2,NA,"TNNP",78.35
"1219",2017-06-11,2017,6,11,23.5,7.8,15.7,2.3,0,1.9,NA,"TNNP",89
"1220",2017-06-12,2017,6,12,20.9,4.8,12.9,5.1,0,0,NA,"TNNP",96.85
"1221",2017-06-13,2017,6,13,15.2,4.3,9.8,8.2,0,5.9,NA,"TNNP",101.6
"1222",2017-06-14,2017,6,14,10.8,2.2,6.5,11.5,0,0.7,NA,"TNNP",103.1
"1223",2017-06-15,2017,6,15,14,0.5,7.3,10.7,0,0,NA,"TNNP",105.35
"1224",2017-06-16,2017,6,16,16.3,0.2,8.3,9.7,0,0,NA,"TNNP",108.6
"1225",2017-06-17,2017,6,17,21,5.2,13.1,4.9,0,0,NA,"TNNP",116.7
"1226",2017-06-18,2017,6,18,18.1,7.5,12.8,5.2,0,0.7,NA,"TNNP",124.5
"1227",2017-06-19,2017,6,19,27.8,11.2,19.5,0,1.5,0,NA,"TNNP",139
"1228",2017-06-20,2017,6,20,29.4,13.7,21.6,0,3.6,0,NA,"TNNP",155.55
"1229",2017-06-21,2017,6,21,24.6,11.6,18.1,0,0.1,0,NA,"TNNP",168.65
"1230",2017-06-22,2017,6,22,24.2,9.9,17.1,0.9,0,0,NA,"TNNP",180.7
"1231",2017-06-23,2017,6,23,19.4,6.8,13.1,4.9,0,3,NA,"TNNP",188.8
"1232",2017-06-24,2017,6,24,14.4,6.2,10.3,7.7,0,15.2,NA,"TNNP",194.1
"1233",2017-06-25,2017,6,25,27.1,13.4,20.3,0,2.3,0,NA,"TNNP",209.35
"1234",2017-06-26,2017,6,26,26.1,11.3,18.7,0,0.7,0,NA,"TNNP",223.05
"1235",2017-06-27,2017,6,27,26.7,10,18.4,0,0.4,0,NA,"TNNP",236.4
"1236",2017-06-28,2017,6,28,17.1,8.9,13,5,0,17.1,NA,"TNNP",244.4
"1237",2017-06-29,2017,6,29,20.1,10.4,15.3,2.7,0,0,NA,"TNNP",254.65
"1238",2017-06-30,2017,6,30,22.8,10.6,16.7,1.3,0,0.8,NA,"TNNP",266.35
"1239",2017-07-01,2017,7,1,12.5,6.8,9.7,8.3,0,4.9,NA,"TNNP",271
"1240",2017-07-02,2017,7,2,14,6.7,10.4,7.6,0,5.8,NA,"TNNP",276.35
"1241",2017-07-03,2017,7,3,25.9,13.4,19.7,0,1.7,0,NA,"TNNP",291
"1242",2017-07-04,2017,7,4,25.4,6.8,16.1,1.9,0,13.6,NA,"TNNP",302.1
"1243",2017-07-05,2017,7,5,15.2,6.1,10.7,7.3,0,0,NA,"TNNP",307.75
"1244",2017-07-06,2017,7,6,25.5,8.4,17,1,0,0,NA,"TNNP",319.7
"1245",2017-07-07,2017,7,7,22.4,10.7,16.6,1.4,0,0,NA,"TNNP",331.25
"1246",2017-07-08,2017,7,8,19,12.6,15.8,2.2,0,16.2,NA,"TNNP",342.05
"1247",2017-07-09,2017,7,9,25.1,15.9,20.5,0,2.5,0,NA,"TNNP",357.55
"1248",2017-07-10,2017,7,10,27,15.4,21.2,0,3.2,0,NA,"TNNP",373.75
"1249",2017-07-11,2017,7,11,26.5,13.7,20.1,0,2.1,0,NA,"TNNP",388.85
"1250",2017-07-12,2017,7,12,25.3,10.6,18,0,0,0,NA,"TNNP",401.8
"1251",2017-07-13,2017,7,13,22.5,9.7,16.1,1.9,0,0,NA,"TNNP",412.9
"1252",2017-07-14,2017,7,14,25.8,10.2,18,0,0,0,NA,"TNNP",425.9
"1253",2017-07-15,2017,7,15,25.8,10.3,18.1,0,0.1,0,NA,"TNNP",438.95
"1254",2017-07-16,2017,7,16,27.8,8.9,18.4,0,0.4,0,NA,"TNNP",452.3
"1255",2017-07-17,2017,7,17,25.3,14.4,19.9,0,1.9,0,NA,"TNNP",467.15
"1256",2017-07-18,2017,7,18,30.5,13.3,21.9,0,3.9,0,NA,"TNNP",484.05
"1257",2017-07-19,2017,7,19,27.8,15.6,21.7,0,3.7,0,NA,"TNNP",500.75
"1258",2017-07-20,2017,7,20,29.8,12.2,21,0,3,3.6,NA,"TNNP",516.75
"1259",2017-07-21,2017,7,21,17.4,11.5,14.5,3.5,0,0.6,NA,"TNNP",526.2
"1260",2017-07-22,2017,7,22,22,10.3,16.2,1.8,0,3.4,NA,"TNNP",537.35
"1261",2017-07-24,2017,7,24,22.1,9.3,15.7,2.3,0,0,NA,"TNNP",548.05
"1262",2017-07-25,2017,7,25,20.8,9.2,15,3,0,0,NA,"TNNP",558.05
"1263",2017-07-26,2017,7,26,26.2,9,17.6,0.4,0,0,NA,"TNNP",570.65
"1264",2017-07-27,2017,7,27,29.6,10.8,20.2,0,2.2,0,NA,"TNNP",585.85
"1265",2017-07-28,2017,7,28,22.6,10.5,16.6,1.4,0,0,NA,"TNNP",597.4
"1266",2017-07-29,2017,7,29,25.5,9.9,17.7,0.3,0,1.4,NA,"TNNP",610.1
"1267",2017-07-30,2017,7,30,16.6,11,13.8,4.2,0,6.2,NA,"TNNP",618.9
"1268",2017-07-31,2017,7,31,25.1,11.1,18.1,0,0.1,0,NA,"TNNP",632
"1269",2017-08-01,2017,8,1,16.8,10.2,13.5,4.5,0,4.1,NA,"TNNP",640.5
"1270",2017-08-02,2017,8,2,15.1,9.2,12.2,5.8,0,1.5,NA,"TNNP",647.65
"1271",2017-08-03,2017,8,3,22.5,9,15.7,2.3,0,0,NA,"TNNP",658.4
"1272",2017-08-04,2017,8,4,18.8,10.7,14.8,3.2,0,0,NA,"TNNP",668.15
"1273",2017-08-05,2017,8,5,24.9,10.8,17.9,0.1,0,0,NA,"TNNP",681
"1274",2017-08-06,2017,8,6,26.3,12.8,19.6,0,1.6,0,NA,"TNNP",695.55
"1275",2017-08-07,2017,8,7,18.5,12.7,15.6,2.4,0,7.9,NA,"TNNP",706.15
"1276",2017-08-08,2017,8,8,23.9,11.1,17.5,0.5,0,3.8,NA,"TNNP",718.65
"1277",2017-08-09,2017,8,9,22.8,13,17.9,0.1,0,11.4,NA,"TNNP",731.55
"1278",2017-08-10,2017,8,10,25.5,12.2,18.9,0,0.9,0,NA,"TNNP",745.4
"1279",2017-08-11,2017,8,11,26.9,11.5,19.2,0,1.2,0,NA,"TNNP",759.6
"1280",2017-08-12,2017,8,12,27.6,11.1,19.4,0,1.4,0.7,NA,"TNNP",773.95
"1281",2017-08-13,2017,8,13,22.1,11.6,16.9,1.1,0,8.6,NA,"TNNP",785.8
"1282",2017-08-14,2017,8,14,26.4,12.8,19.6,0,1.6,0.9,NA,"TNNP",800.4
"1283",2017-08-15,2017,8,15,24.3,9.8,17.1,0.9,0,0,NA,"TNNP",812.45
"1284",2017-08-16,2017,8,16,18.6,8.7,13.7,4.3,0,0,NA,"TNNP",821.1
"1285",2017-08-17,2017,8,17,22.2,11.2,16.7,1.3,0,2,NA,"TNNP",832.8
"1286",2017-08-18,2017,8,18,12.1,7.5,9.8,8.2,0,10,NA,"TNNP",837.6
"1287",2017-08-19,2017,8,19,14.7,7.2,11,7,0,0,NA,"TNNP",843.55
"1288",2017-08-20,2017,8,20,18.5,6.9,12.7,5.3,0,6.9,NA,"TNNP",851.25
"1289",2017-08-21,2017,8,21,24.9,13.6,19.3,0,1.3,0,NA,"TNNP",865.5
"1290",2017-08-22,2017,8,22,28.4,12.4,20.4,0,2.4,0,NA,"TNNP",880.9
"1291",2017-08-23,2017,8,23,23.9,13.4,18.7,0,0.7,0,NA,"TNNP",894.55
"1292",2017-08-24,2017,8,24,26.8,15,20.9,0,2.9,2.8,NA,"TNNP",910.45
"1293",2017-08-25,2017,8,25,20.9,12.4,16.7,1.3,0,25.1,NA,"TNNP",922.1
"1294",2017-08-26,2017,8,26,13.4,8.3,10.9,7.1,0,12.1,NA,"TNNP",927.95
"1295",2017-08-27,2017,8,27,13,6.8,9.9,8.1,0,0.6,NA,"TNNP",932.85
"1296",2017-08-28,2017,8,28,21.9,6.5,14.2,3.8,0,0.7,NA,"TNNP",942.05
"1297",2017-08-29,2017,8,29,21.4,10,15.7,2.3,0,0,NA,"TNNP",952.75
"1298",2017-08-30,2017,8,30,21.1,9.5,15.3,2.7,0,0,NA,"TNNP",963.05
"1299",2017-08-31,2017,8,31,18,8.7,13.4,4.6,0,6.2,NA,"TNNP",971.4
"1300",2017-09-01,2017,9,1,15.7,9,12.4,5.6,0,1.3,NA,"TNNP",978.75
"1301",2017-09-02,2017,9,2,19.1,6.9,13,5,0,3.3,NA,"TNNP",986.75
"1302",2017-09-03,2017,9,3,21.2,6,13.6,4.4,0,0,NA,"TNNP",995.35
"1303",2017-09-04,2017,9,4,18.3,7.8,13.1,4.9,0,6.3,NA,"TNNP",1003.4
"1304",2017-09-05,2017,9,5,22.8,13.6,18.2,0,0.2,0,NA,"TNNP",1016.6
"1305",2017-09-06,2017,9,6,25.4,15.1,20.3,0,2.3,0,NA,"TNNP",1031.85
"1306",2017-09-07,2017,9,7,27.2,17.5,22.4,0,4.4,0,NA,"TNNP",1049.2
"1307",2017-09-08,2017,9,8,21.7,12.2,17,1,0,2.9,NA,"TNNP",1061.15
"1308",2017-09-09,2017,9,9,17.9,11,14.5,3.5,0,0,NA,"TNNP",1070.6
"1309",2017-09-10,2017,9,10,11.5,9.1,10.3,7.7,0,3.4,NA,"TNNP",1075.9
"1310",2017-09-11,2017,9,11,10.9,8.9,9.9,8.1,0,7.4,NA,"TNNP",1080.8
"1311",2017-09-12,2017,9,12,11.3,9.2,10.3,7.7,0,16.9,NA,"TNNP",1086.05
"1312",2017-09-13,2017,9,13,12.1,7.1,9.6,8.4,0,0.6,NA,"TNNP",1090.65
"1313",2017-09-14,2017,9,14,24.2,7.4,15.8,2.2,0,0,NA,"TNNP",1101.45
"1314",2017-09-15,2017,9,15,20.5,8.7,14.6,3.4,0,0,NA,"TNNP",1111.05
"1315",2017-09-16,2017,9,16,15.4,5.6,10.5,7.5,0,4,NA,"TNNP",1116.55
"1316",2017-09-17,2017,9,17,15.6,5.6,10.6,7.4,0,0.6,NA,"TNNP",1122.15
"1317",2017-09-18,2017,9,18,16.4,6.1,11.3,6.7,0,0,NA,"TNNP",1128.4
"1318",2017-09-19,2017,9,19,14.7,5.9,10.3,7.7,0,0,NA,"TNNP",1133.7
"1319",2017-09-20,2017,9,20,17.6,13,15.3,2.7,0,12.5,NA,"TNNP",1144
"1320",2017-09-21,2017,9,21,15.7,5.8,10.8,7.2,0,0,NA,"TNNP",1149.75
"1321",2017-09-22,2017,9,22,19,5.5,12.3,5.7,0,0,NA,"TNNP",1157
"1322",2017-09-23,2017,9,23,21.3,6.7,14,4,0,0,NA,"TNNP",1166
"1323",2017-09-24,2017,9,24,9.7,5.1,7.4,10.6,0,0,NA,"TNNP",1168.4
"1324",2017-09-25,2017,9,25,16.2,6.7,11.5,6.5,0,0,NA,"TNNP",1174.85
"1325",2017-09-26,2017,9,26,19.5,2.3,10.9,7.1,0,7.7,NA,"TNNP",1180.75
"1326",2017-09-27,2017,9,27,11.8,1.1,6.5,11.5,0,14.8,NA,"TNNP",1182.2
"1327",2017-09-29,2017,9,29,13.4,2.9,8.2,9.8,0,1.5,NA,"TNNP",1185.35
"1328",2017-09-30,2017,9,30,10.6,0.3,5.5,12.5,0,0,NA,"TNNP",1185.8
"1329",2017-10-01,2017,10,1,13.4,0.5,7,11,0,0,NA,"TNNP",1187.75
"1330",2017-10-02,2017,10,2,12.2,2.9,7.6,10.4,0,1,NA,"TNNP",1190.3
"1331",2017-10-03,2017,10,3,9.3,0,4.7,13.3,0,0,NA,"TNNP",1190.3
"1332",2017-10-04,2017,10,4,12.3,-0.2,6.1,11.9,0,0,NA,"TNNP",1191.35
"1333",2017-10-05,2017,10,5,17.7,6.6,12.2,5.8,0,0,NA,"TNNP",1198.5
"1334",2017-10-06,2017,10,6,17.9,4.6,11.3,6.7,0,0,NA,"TNNP",1204.75
"1335",2017-10-07,2017,10,7,15.9,4.8,10.4,7.6,0,0,NA,"TNNP",1210.1
"1336",2017-10-08,2017,10,8,16.1,5.7,10.9,7.1,0,2.1,NA,"TNNP",1216
"1337",2017-10-09,2017,10,9,23.7,11.9,17.8,0.2,0,0,NA,"TNNP",1228.8
"1338",2017-10-10,2017,10,10,21,11.1,16.1,1.9,0,2.2,NA,"TNNP",1239.85
"1339",2017-10-11,2017,10,11,13.8,3.4,8.6,9.4,0,0,NA,"TNNP",1243.45
"1340",2017-10-12,2017,10,12,10,-0.4,4.8,13.2,0,1.4,NA,"TNNP",1243.45
"1341",2017-10-13,2017,10,13,9.6,-0.6,4.5,13.5,0,0.6,NA,"TNNP",1243.45
"1342",2017-10-14,2017,10,14,11.8,-0.6,5.6,12.4,0,0,NA,"TNNP",1244.05
"1343",2017-10-15,2017,10,15,11.5,6.1,8.8,9.2,0,1.7,NA,"TNNP",1247.85
"1344",2017-10-16,2017,10,16,18.4,2.9,10.7,7.3,0,0.6,NA,"TNNP",1253.5
"1345",2017-10-17,2017,10,17,5.3,-1.4,2,16,0,0,NA,"TNNP",1253.5
"1346",2017-10-18,2017,10,18,7.1,-0.8,3.2,14.8,0,1.2,0,"TNNP",1253.5
"1347",2017-10-19,2017,10,19,11.6,3.9,7.8,10.2,0,0,0,"TNNP",1256.25
"1348",2017-10-20,2017,10,20,15.8,5.3,10.6,7.4,0,0,NA,"TNNP",1261.8
"1349",2017-10-21,2017,10,21,7.3,-1.2,3.1,14.9,0,1.2,NA,"TNNP",1261.8
"1350",2017-10-22,2017,10,22,3.4,-1.6,0.9,17.1,0,0.6,NA,"TNNP",1261.8
"1351",2017-10-23,2017,10,23,4.8,-1.8,1.5,16.5,0,0,0,"TNNP",1261.8
"1352",2017-10-24,2017,10,24,12.2,-0.7,5.8,12.2,0,0,0,"TNNP",1262.55
"1353",2017-10-25,2017,10,25,19.5,6.4,13,5,0,0,NA,"TNNP",1270.5
"1354",2017-10-26,2017,10,26,20.6,8,14.3,3.7,0,0,NA,"TNNP",1279.8
"1355",2017-10-27,2017,10,27,16.2,5.4,10.8,7.2,0,0,NA,"TNNP",1285.6
"1356",2017-10-28,2017,10,28,13.4,4.7,9.1,8.9,0,0,NA,"TNNP",1289.65
"1357",2017-10-29,2017,10,29,9.4,2.4,5.9,12.1,0,0,NA,"TNNP",1290.55
"1358",2017-10-30,2017,10,30,9.4,1.1,5.3,12.7,0,0,NA,"TNNP",1290.8
"1359",2017-10-31,2017,10,31,16.5,8.1,12.3,5.7,0,0.6,NA,"TNNP",1298.1
"1360",2017-11-01,2017,11,1,13.6,2.6,8.1,9.9,0,0,NA,"TNNP",1301.2
"1361",2017-11-02,2017,11,2,10.3,0.9,5.6,12.4,0,0,NA,"TNNP",1301.8
"1362",2017-11-03,2017,11,3,11,3.5,7.3,10.7,0,6.2,NA,"TNNP",1304.05
"1363",2017-11-04,2017,11,4,12.4,-0.2,6.1,11.9,0,17.8,NA,"TNNP",1305.15
"1364",2017-11-05,2017,11,5,3,-3.4,-0.2,18.2,0,0,NA,"TNNP",1305.15
"1365",2017-11-06,2017,11,6,13.3,-2.5,5.4,12.6,0,5.1,0,"TNNP",1305.55
"1366",2017-11-07,2017,11,7,13.7,0.2,7,11,0,16.9,NA,"TNNP",1307.5
"1367",2017-11-08,2017,11,8,4.1,-0.4,1.9,16.1,0,0,NA,"TNNP",1307.5
"1368",2017-11-09,2017,11,9,2.6,-0.1,1.3,16.7,0,0,NA,"TNNP",1307.5
"1369",2017-11-10,2017,11,10,6.9,-0.5,3.2,14.8,0,8.6,0,"TNNP",1307.5
"1370",2017-11-11,2017,11,11,6.7,-1.4,2.7,15.3,0,0.6,0,"TNNP",1307.5
"1371",2017-11-12,2017,11,12,5.3,-2.4,1.5,16.5,0,0,0,"TNNP",1307.5
"1372",2017-11-13,2017,11,13,5.6,-2.6,1.5,16.5,0,0,0,"TNNP",1307.5
"1373",2017-11-14,2017,11,14,3,-2,0.5,17.5,0,0,0,"TNNP",1307.5
"1374",2017-11-15,2017,11,15,1.2,-6,-2.4,20.4,0,0,0,"TNNP",1307.5
"1375",2017-11-16,2017,11,16,3.9,-6.6,-1.4,19.4,0,0,0,"TNNP",1307.5
"1376",2017-11-17,2017,11,17,1.8,-2.6,-0.4,18.4,0,5.1,0,"TNNP",1307.5
"1377",2017-11-18,2017,11,18,5.1,1.6,3.4,14.6,0,1.4,0,"TNNP",1307.5
"1378",2017-11-19,2017,11,19,5.8,-1,2.4,15.6,0,0,0,"TNNP",1307.5
"1379",2017-11-20,2017,11,20,12.1,-0.7,5.7,12.3,0,2.7,0,"TNNP",1308.2
"1380",2017-11-21,2017,11,21,2.8,-2.6,0.1,17.9,0,0,NA,"TNNP",1308.2
"1381",2017-11-22,2017,11,22,5.6,-3.7,1,17,0,0,NA,"TNNP",1308.2
"1382",2017-11-23,2017,11,23,7.9,-2.6,2.7,15.3,0,6,NA,"TNNP",1308.2
"1383",2017-11-24,2017,11,24,4.9,-2.3,1.3,16.7,0,0,0,"TNNP",1308.2
"1384",2017-11-25,2017,11,25,6,-4.6,0.7,17.3,0,0,0,"TNNP",1308.2
"1385",2017-11-26,2017,11,26,9,4,6.5,11.5,0,6.8,0,"TNNP",1309.7
"1386",2017-11-27,2017,11,27,7,-3,2,16,0,0.7,0,"TNNP",1309.7
"1387",2017-11-28,2017,11,28,0.5,-5.7,-2.6,20.6,0,0.7,0,"TNNP",1309.7
"1388",2017-11-29,2017,11,29,5,-7,-1,19,0,0.6,0,"TNNP",1309.7
"1389",2017-11-30,2017,11,30,4.8,-5.7,-0.5,18.5,0,3.7,0,"TNNP",1309.7
"1390",2017-12-01,2017,12,1,1.9,-6.7,-2.4,20.4,0,0.6,0,"TNNP",1309.7
"1391",2017-12-02,2017,12,2,-0.5,-4,-2.3,20.3,0,0,0,"TNNP",1309.7
"1392",2017-12-03,2017,12,3,-0.6,-3.7,-2.2,20.2,0,0.6,0,"TNNP",1309.7
"1393",2017-12-04,2017,12,4,-0.1,-1.6,-0.9,18.9,0,1.2,0,"TNNP",1309.7
"1394",2017-12-05,2017,12,5,0.6,-2.6,-1,19,0,0,0,"TNNP",1309.7
"1395",2017-12-06,2017,12,6,2.8,-2.6,0.1,17.9,0,0.6,0,"TNNP",1309.7
"1396",2017-12-07,2017,12,7,3.9,-3,0.5,17.5,0,2.7,0,"TNNP",1309.7
"1397",2017-12-08,2017,12,8,2.7,-3.4,-0.4,18.4,0,0,0,"TNNP",1309.7
"1398",2017-12-09,2017,12,9,1.4,-2.7,-0.7,18.7,0,1.4,0,"TNNP",1309.7
"1399",2017-12-10,2017,12,10,12.4,-0.7,5.9,12.1,0,36.7,0,"TNNP",1310.55
"1400",2017-12-11,2017,12,11,2.9,-2.2,0.4,17.6,0,0.7,NA,"TNNP",1310.55
"1401",2017-12-12,2017,12,12,-1.5,-4.2,-2.9,20.9,0,2.7,0,"TNNP",1310.55
"1402",2017-12-13,2017,12,13,7.8,-1.9,3,15,0,7.9,2,"TNNP",1310.55
"1403",2017-12-14,2017,12,14,8.7,-0.4,4.2,13.8,0,17,0,"TNNP",1310.55
"1404",2017-12-15,2017,12,15,0.1,-4.9,-2.4,20.4,0,0.7,4,"TNNP",1310.55
"1405",2017-12-16,2017,12,16,-3.4,-6.7,-5.1,23.1,0,17.4,4,"TNNP",1310.55
"1406",2017-12-17,2017,12,17,-5.3,-8.2,-6.8,24.8,0,0,16,"TNNP",1310.55
"1407",2017-12-18,2017,12,18,-5.4,-12.4,-8.9,26.9,0,0.6,15,"TNNP",1310.55
"1408",2017-12-19,2017,12,19,-1.3,-10.7,-6,24,0,0.6,12,"TNNP",1310.55
"1409",2017-12-20,2017,12,20,2.8,-2,0.4,17.6,0,6.1,16,"TNNP",1310.55
"1410",2017-12-21,2017,12,21,-0.9,-3.9,-2.4,20.4,0,0,14,"TNNP",1310.55
"1411",2017-12-22,2017,12,22,-1.9,-7.2,-4.6,22.6,0,0.6,13,"TNNP",1310.55
"1412",2017-12-23,2017,12,23,-2.2,-7.8,-5,23,0,0,12,"TNNP",1310.55
"1413",2017-12-24,2017,12,24,6.4,-4.9,0.8,17.2,0,10.6,19,"TNNP",1310.55
"1414",2017-12-25,2017,12,25,3.6,-7,-1.7,19.7,0,11.2,14,"TNNP",1310.55
"1415",2017-12-26,2017,12,26,2.6,-7,-2.2,20.2,0,0,17,"TNNP",1310.55
"1416",2017-12-27,2017,12,27,-7,-9.9,-8.5,26.5,0,0.6,17,"TNNP",1310.55
"1417",2017-12-28,2017,12,28,-3.1,-9.9,-6.5,24.5,0,0.6,16,"TNNP",1310.55
"1418",2017-12-29,2017,12,29,-2.2,-6.9,-4.6,22.6,0,4.6,20,"TNNP",1310.55
"1419",2017-12-30,2017,12,30,-4.5,-10.6,-7.6,25.6,0,1.3,21,"TNNP",1310.55
"1420",2017-12-31,2017,12,31,-2.8,-11.3,-7.1,25.1,0,0.7,21,"TNNP",1310.55
