Date_Time,Year,Month,Day,MaxTemp,MinTemp,MeanTemp,HeatDegDays,CoolDegDays,TotalPrecip,SnowGround,Station,Site,GDD_Calc,GDD
2016-01-01,2016,1,1,1,-10,-4.5,22.5,0,1,1,Lethbridge,BL,0,0
2016-01-02,2016,1,2,2,-5,-1.5,19.5,0,0,2,Lethbridge,BL,0,0
2016-01-03,2016,1,3,0,-5,-2.5,20.5,0,12.5,0,Lethbridge,BL,0,0
2016-01-04,2016,1,4,-2,-4,-3,21,0,1,13,Lethbridge,BL,0,0
2016-01-05,2016,1,5,-8,-15,-11.5,29.5,0,0,14,Lethbridge,BL,0,0
2016-01-06,2016,1,6,-1.5,-16,-8.8,26.8,0,0,14,Lethbridge,BL,0,0
2016-01-07,2016,1,7,2,-8,-3,21,0,0,14,Lethbridge,BL,0,0
2016-01-08,2016,1,8,-7,-15,-11,29,0,0,14,Lethbridge,BL,0,0
2016-01-09,2016,1,9,-5,-15,-10,28,0,0,14,Lethbridge,BL,0,0
2016-01-10,2016,1,10,-4,-10,-7,25,0,0,14,Lethbridge,BL,0,0
2016-01-11,2016,1,11,4,-16,-6,24,0,11,14,Lethbridge,BL,0,0
2016-01-12,2016,1,12,1,-2,-0.5,18.5,0,0,4,Lethbridge,BL,0,0
2016-01-13,2016,1,13,1,-18,-8.5,26.5,0,10,4,Lethbridge,BL,0,0
2016-01-14,2016,1,14,-0.5,-3,-1.8,19.8,0,0,12,Lethbridge,BL,0,0
2016-01-15,2016,1,15,-3,-15,-9,27,0,0,12,Lethbridge,BL,0,0
2016-01-16,2016,1,16,0,-9,-4.5,22.5,0,0,12,Lethbridge,BL,0,0
2016-01-17,2016,1,17,0,-2,-1,19,0,0,12,Lethbridge,BL,0,0
2016-01-18,2016,1,18,1,-5,-2,20,0,11,12,Lethbridge,BL,0,0
2016-01-19,2016,1,19,0,-8,-4,22,0,5,23,Lethbridge,BL,0,0
2016-01-20,2016,1,20,0,-10,-5,23,0,0,28,Lethbridge,BL,0,0
2016-01-21,2016,1,21,-1,-5,-3,21,0,0,28,Lethbridge,BL,0,0
2016-01-22,2016,1,22,-2.5,-18,-10.3,28.3,0,0,28,Lethbridge,BL,0,0
2016-01-23,2016,1,23,-3,-5,-4,22,0,0,28,Lethbridge,BL,0,0
2016-01-24,2016,1,24,-5,-18,-11.5,29.5,0,0,28,Lethbridge,BL,0,0
2016-01-25,2016,1,25,-3,-18,-10.5,28.5,0,0,28,Lethbridge,BL,0,0
2016-01-26,2016,1,26,6,-23,-8.5,26.5,0,2,28,Lethbridge,BL,0,0
2016-01-27,2016,1,27,6,-1,2.5,15.5,0,0,10,Lethbridge,BL,0,0
2016-01-28,2016,1,28,-1,-14,-7.5,25.5,0,0,2,Lethbridge,BL,0,0
2016-01-29,2016,1,29,0,-12,-6,24,0,25,2,Lethbridge,BL,0,0
2016-01-30,2016,1,30,-1,-6,-3.5,21.5,0,6,27,Lethbridge,BL,0,0
2016-01-31,2016,1,31,0.5,-12,-5.8,23.8,0,0,33,Lethbridge,BL,0,0
2016-02-01,2016,2,1,9,-3,3,15,0,0,33,Lethbridge,BL,0,0
2016-02-02,2016,2,2,4,0,2,16,0,0,8,Lethbridge,BL,0,0
2016-02-03,2016,2,3,-2,-12,-7,25,0,1,4,Lethbridge,BL,0,0
2016-02-04,2016,2,4,7,-6,0.5,17.5,0,7,5,Lethbridge,BL,0,0
2016-02-05,2016,2,5,10,2,6,12,0,24,1,Lethbridge,BL,1,1
2016-02-06,2016,2,6,-1,-3,-2,20,0,0,0,Lethbridge,BL,0,1
2016-02-07,2016,2,7,-1,-10,-5.5,23.5,0,2,0,Lethbridge,BL,0,1
2016-02-08,2016,2,8,-2,-11,-6.5,24.5,0,4,2,Lethbridge,BL,0,1
2016-02-09,2016,2,9,0,-9,-4.5,22.5,0,33,6,Lethbridge,BL,0,1
2016-02-10,2016,2,10,2,-2,0,18,0,0,34,Lethbridge,BL,0,1
2016-02-11,2016,2,11,-2.5,-7.5,-5,23,0,8,27,Lethbridge,BL,0,1
2016-02-12,2016,2,12,1,-14,-6.5,24.5,0,4,35,Lethbridge,BL,0,1
2016-02-13,2016,2,13,-5,-14,-9.5,27.5,0,19,39,Lethbridge,BL,0,1
2016-02-14,2016,2,14,-5,-12,-8.5,26.5,0,0,58,Lethbridge,BL,0,1
2016-02-15,2016,2,15,-8,-17,-12.5,30.5,0,0,58,Lethbridge,BL,0,1
2016-02-16,2016,2,16,6,-11.5,-2.8,20.8,0,4,58,Lethbridge,BL,0,1
2016-02-17,2016,2,17,10,-1,4.5,13.5,0,18,37,Lethbridge,BL,0,1
2016-02-18,2016,2,18,4,1,2.5,15.5,0,1,0,Lethbridge,BL,0,1
2016-02-19,2016,2,19,-3,-4,-3.5,21.5,0,0,0,Lethbridge,BL,0,1
2016-02-20,2016,2,20,-1,-15,-8,26,0,0,0,Lethbridge,BL,0,1
2016-02-21,2016,2,21,6,-15,-4.5,22.5,0,1,0,Lethbridge,BL,0,1
2016-02-22,2016,2,22,6,1,3.5,14.5,0,1,0,Lethbridge,BL,0,1
2016-02-23,2016,2,23,-4,-9,-6.5,24.5,0,0,0,Lethbridge,BL,0,1
2016-02-24,2016,2,24,0,-18,-9,27,0,4,0,Lethbridge,BL,0,1
2016-02-25,2016,2,25,11,-5,3,15,0,13,3,Lethbridge,BL,0,1
2016-02-26,2016,2,26,11,7,9,9,0,0,0,Lethbridge,BL,4,5
2016-02-27,2016,2,27,3,0,1.5,16.5,0,0,0,Lethbridge,BL,0,5
2016-02-28,2016,2,28,2,-7,-2.5,20.5,0,0,0,Lethbridge,BL,0,5
2016-02-29,2016,2,29,8,-8,0,18,0,1,0,Lethbridge,BL,0,5
2016-03-01,2016,3,1,8,2,5,13,0,5,0,Lethbridge,BL,0,5
2016-03-02,2016,3,2,4,-6,-1,19,0,0,0,Lethbridge,BL,0,5
2016-03-03,2016,3,3,10,-1.5,4.3,13.7,0,9,0,Lethbridge,BL,0,5
2016-03-04,2016,3,4,-2,-7,-4.5,22.5,0,0,0,Lethbridge,BL,0,5
2016-03-05,2016,3,5,0,-12,-6,24,0,21,0,Lethbridge,BL,0,5
2016-03-06,2016,3,6,-1,-5,-3,21,0,0,17,Lethbridge,BL,0,5
2016-03-07,2016,3,7,-1.5,-15,-8.3,26.3,0,0,17,Lethbridge,BL,0,5
2016-03-08,2016,3,8,3,-19,-8,26,0,0,17,Lethbridge,BL,0,5
2016-03-09,2016,3,9,-1,-13,-7,25,0,8,15,Lethbridge,BL,0,5
2016-03-10,2016,3,10,0,-5,-2.5,20.5,0,0,23,Lethbridge,BL,0,5
2016-03-11,2016,3,11,0,-17,-8.5,26.5,0,0,23,Lethbridge,BL,0,5
2016-03-12,2016,3,12,-3,-9,-6,24,0,0,23,Lethbridge,BL,0,5
2016-03-13,2016,3,13,-1,-16,-8.5,26.5,0,6,23,Lethbridge,BL,0,5
2016-03-14,2016,3,14,-5,-9,-7,25,0,0,29,Lethbridge,BL,0,5
2016-03-15,2016,3,15,0,-12,-6,24,0,0,29,Lethbridge,BL,0,5
2016-03-16,2016,3,16,3,-15,-6,24,0,1,29,Lethbridge,BL,0,5
2016-03-17,2016,3,17,3,0,1.5,16.5,0,0,17,Lethbridge,BL,0,5
2016-03-18,2016,3,18,3,-6,-1.5,19.5,0,2,14,Lethbridge,BL,0,5
2016-03-19,2016,3,19,4,-1,1.5,16.5,0,2,11,Lethbridge,BL,0,5
2016-03-20,2016,3,20,0,-10,-5,23,0,0,8,Lethbridge,BL,0,5
2016-03-21,2016,3,21,1,-13,-6,24,0,4,8,Lethbridge,BL,0,5
2016-03-22,2016,3,22,5,0,2.5,15.5,0,0,23,Lethbridge,BL,0,5
2016-03-23,2016,3,23,2,-8,-3,21,0,0,6,Lethbridge,BL,0,5
2016-03-24,2016,3,24,-1,-9,-5,23,0,0,6,Lethbridge,BL,0,5
2016-03-25,2016,3,25,1,-9,-4,22,0,7,6,Lethbridge,BL,0,5
2016-03-26,2016,3,26,0,-4,-2,20,0,0,6,Lethbridge,BL,0,5
2016-03-27,2016,3,27,5,-14,-4.5,22.5,0,0,6,Lethbridge,BL,0,5
2016-03-28,2016,3,28,5,-5,0,18,0,2,6,Lethbridge,BL,0,5
2016-03-29,2016,3,29,7,-1,3,15,0,4,4,Lethbridge,BL,0,5
2016-03-30,2016,3,30,3,-2,0.5,17.5,0,0,4,Lethbridge,BL,0,5
2016-03-31,2016,3,31,8,-2,3,15,0,1,2,Lethbridge,BL,0,5
2016-04-01,2016,4,1,11.5,3,7.3,10.7,0,2,0,Lethbridge,BL,2.25,7.25
2016-04-02,2016,4,2,16,8,12,6,0,8,0,Lethbridge,BL,7,14.25
2016-04-03,2016,4,3,10,1.5,5.8,12.2,0,12,0,Lethbridge,BL,0.75,15
2016-04-04,2016,4,4,1,-2,-0.5,18.5,0,0,0,Lethbridge,BL,0,15
2016-04-05,2016,4,5,0,-6,-3,21,0,13,0,Lethbridge,BL,0,15
2016-04-06,2016,4,6,-3,-8.5,-5.8,23.8,0,0,13,Lethbridge,BL,0,15
2016-04-07,2016,4,7,5,-9,-2,20,0,0,13,Lethbridge,BL,0,15
2016-04-08,2016,4,8,11.5,1,6.3,11.7,0,1,0,Lethbridge,BL,1.25,16.25
2016-04-09,2016,4,9,18,3,10.5,7.5,0,4,0,Lethbridge,BL,5.5,21.75
2016-04-10,2016,4,10,15,1,8,10,0,3,0,Lethbridge,BL,3,24.75
2016-04-11,2016,4,11,6,-1,2.5,15.5,0,0,0,Lethbridge,BL,0,24.75
2016-04-12,2016,4,12,9,-8,0.5,17.5,0,1,0,Lethbridge,BL,0,24.75
2016-04-13,2016,4,13,15,2,8.5,9.5,0,0,0,Lethbridge,BL,3.5,28.25
2016-04-14,2016,4,14,12,3,7.5,10.5,0,7,0,Lethbridge,BL,2.5,30.75
2016-04-15,2016,4,15,7,3,5,13,0,2,0,Lethbridge,BL,0,30.75
2016-04-16,2016,4,16,3,0,1.5,16.5,0,0,0,Lethbridge,BL,0,30.75
2016-04-17,2016,4,17,11,-1,5,13,0,0,0,Lethbridge,BL,0,30.75
2016-04-18,2016,4,18,3,1,2,16,0,0,0,Lethbridge,BL,0,30.75
2016-04-19,2016,4,19,2.5,-6,-1.8,19.8,0,19,0,Lethbridge,BL,0,30.75
2016-04-20,2016,4,20,1.5,-3,-0.8,18.8,0,26,19,Lethbridge,BL,0,30.75
2016-04-21,2016,4,21,3.5,-3,0.3,17.7,0,3,26,Lethbridge,BL,0,30.75
2016-04-22,2016,4,22,4,0,2,16,0,2,10,Lethbridge,BL,0,30.75
2016-04-23,2016,4,23,11,0.5,5.8,12.2,0,0,6,Lethbridge,BL,0.75,31.5
2016-04-24,2016,4,24,15.5,-4,5.8,12.2,0,1,0,Lethbridge,BL,0.75,32.25
2016-04-25,2016,4,25,8,5,6.5,11.5,0,0,0,Lethbridge,BL,1.5,33.75
2016-04-26,2016,4,26,5,-5,0,18,0,8,0,Lethbridge,BL,0,33.75
2016-04-27,2016,4,27,7,-1,3,15,0,3,8,Lethbridge,BL,0,33.75
2016-04-28,2016,4,28,5,-5,0,18,0,3,0,Lethbridge,BL,0,33.75
2016-04-29,2016,4,29,7,-2,2.5,15.5,0,0,3,Lethbridge,BL,0,33.75
2016-04-30,2016,4,30,12,0,6,12,0,0,0,Lethbridge,BL,1,34.75
2016-05-01,2016,5,1,12,8,10,8,0,0,0,Lethbridge,BL,5,39.75
2016-05-02,2016,5,2,11,0,5.5,12.5,0,0,0,Lethbridge,BL,0.5,40.25
2016-05-03,2016,5,3,14,-1,6.5,11.5,0,7,0,Lethbridge,BL,1.5,41.75
2016-05-04,2016,5,4,8,3,5.5,12.5,0,0,0,Lethbridge,BL,0.5,42.25
2016-05-05,2016,5,5,5,2,3.5,14.5,0,25,0,Lethbridge,BL,0,42.25
2016-05-06,2016,5,6,13,2,7.5,10.5,0,12,0,Lethbridge,BL,2.5,44.75
2016-05-07,2016,5,7,15,4,9.5,8.5,0,8,0,Lethbridge,BL,4.5,49.25
2016-05-08,2016,5,8,15,7,11,7,0,9,0,Lethbridge,BL,6,55.25
2016-05-09,2016,5,9,15,8,11.5,6.5,0,0,0,Lethbridge,BL,6.5,61.75
2016-05-10,2016,5,10,10,3,6.5,11.5,0,0,0,Lethbridge,BL,1.5,63.25
2016-05-11,2016,5,11,10,0,5,13,0,4,0,Lethbridge,BL,0,63.25
2016-05-12,2016,5,12,5,3.5,4.3,13.7,0,0,0,Lethbridge,BL,0,63.25
2016-05-13,2016,5,13,9.5,1,5.3,12.7,0,0,0,Lethbridge,BL,0.25,63.5
2016-05-14,2016,5,14,13,6,9.5,8.5,0,0,0,Lethbridge,BL,4.5,68
2016-05-15,2016,5,15,15,-1,7,11,0,0,0,Lethbridge,BL,2,70
2016-05-16,2016,5,16,16,2,9,9,0,0,0,Lethbridge,BL,4,74
2016-05-17,2016,5,17,12,4,8,10,0,6,0,Lethbridge,BL,3,77
2016-05-18,2016,5,18,12,4,8,10,0,2,0,Lethbridge,BL,3,80
2016-05-19,2016,5,19,18.5,2,10.3,7.7,0,0,0,Lethbridge,BL,5.25,85.25
2016-05-20,2016,5,20,21,0,10.5,7.5,0,0,0,Lethbridge,BL,5.5,90.75
2016-05-21,2016,5,21,25,2.5,13.8,4.2,0,0,0,Lethbridge,BL,8.75,99.5
2016-05-22,2016,5,22,13.5,4,8.8,9.2,0,0,0,Lethbridge,BL,3.75,103.25
2016-05-23,2016,5,23,22,2,12,6,0,0,0,Lethbridge,BL,7,110.25
2016-05-24,2016,5,24,25,10,17.5,0.5,0,0,0,Lethbridge,BL,12.5,122.75
2016-05-25,2016,5,25,23,13,18,0,0,2,0,Lethbridge,BL,13,135.75
2016-05-26,2016,5,26,9,5,7,11,0,4,0,Lethbridge,BL,2,137.75
2016-05-27,2016,5,27,9,4,6.5,11.5,0,1,0,Lethbridge,BL,1.5,139.25
2016-05-28,2016,5,28,6,4,5,13,0,10,0,Lethbridge,BL,0,139.25
2016-05-29,2016,5,29,10.5,2,6.3,11.7,0,1,0,Lethbridge,BL,1.25,140.5
2016-05-30,2016,5,30,20,0,10,8,0,10,0,Lethbridge,BL,5,145.5
2016-05-31,2016,5,31,19,7,13,5,0,0,0,Lethbridge,BL,8,153.5
2016-06-01,2016,6,1,7,5,6,12,0,0,0,Lethbridge,BL,1,154.5
2016-06-02,2016,6,2,12,-2,5,13,0,0,0,Lethbridge,BL,0,154.5
2016-06-03,2016,6,3,15,-4,5.5,12.5,0,0,0,Lethbridge,BL,0.5,155
2016-06-04,2016,6,4,12.5,-1,5.8,12.2,0,1,0,Lethbridge,BL,0.75,155.75
2016-06-05,2016,6,5,12,4,8,10,0,0,0,Lethbridge,BL,3,158.75
2016-06-06,2016,6,6,14,2,8,10,0,0,0,Lethbridge,BL,3,161.75
2016-06-07,2016,6,7,18.5,1,9.8,8.2,0,0,0,Lethbridge,BL,4.75,166.5
2016-06-08,2016,6,8,13,6,9.5,8.5,0,11,0,Lethbridge,BL,4.5,171
2016-06-09,2016,6,9,10,5,7.5,10.5,0,2,0,Lethbridge,BL,2.5,173.5
2016-06-10,2016,6,10,9,5,7,11,0,0,0,Lethbridge,BL,2,175.5
2016-06-11,2016,6,11,16.5,6,11.3,6.7,0,2,0,Lethbridge,BL,6.25,181.75
2016-06-12,2016,6,12,14,3,8.5,9.5,0,0,0,Lethbridge,BL,3.5,185.25
2016-06-13,2016,6,13,13,7,10,8,0,14,0,Lethbridge,BL,5,190.25
2016-06-14,2016,6,14,14,7,10.5,7.5,0,10,,Lethbridge,BL,5.5,195.75
2016-06-15,2016,6,15,15,10,12.5,5.5,0,5,,Lethbridge,BL,7.5,203.25
2016-06-16,2016,6,16,12,8,10,8,0,4,,Lethbridge,BL,5,208.25
2016-06-17,2016,6,17,13,6,9.5,8.5,0,0,,Lethbridge,BL,4.5,212.75
2016-06-18,2016,6,18,18,3,10.5,7.5,0,0,,Lethbridge,BL,5.5,218.25
2016-06-19,2016,6,19,25,2,13.5,4.5,0,0,,Lethbridge,BL,8.5,226.75
2016-06-20,2016,6,20,27,13,20,0,2,0,,Lethbridge,BL,15,241.75
2016-06-21,2016,6,21,22,9,15.5,2.5,0,0,,Lethbridge,BL,10.5,252.25
2016-06-22,2016,6,22,15,11,13,5,0,6,,Lethbridge,BL,8,260.25
2016-06-23,2016,6,23,19,11,15,3,0,0,,Lethbridge,BL,10,270.25
2016-06-24,2016,6,24,20,10,15,3,0,0,,Lethbridge,BL,10,280.25
2016-06-25,2016,6,25,24,9,16.5,1.5,0,0,,Lethbridge,BL,11.5,291.75
2016-06-26,2016,6,26,26,8,17,1,0,0,,Lethbridge,BL,12,303.75
2016-06-27,2016,6,27,24,9,16.5,1.5,0,0,,Lethbridge,BL,11.5,315.25
2016-06-28,2016,6,28,27,11,19,0,1,0,,Lethbridge,BL,14,329.25
2016-06-29,2016,6,29,28,14,21,0,3,0,,Lethbridge,BL,16,345.25
2016-06-30,2016,6,30,18,12,15,3,0,36,,Lethbridge,BL,10,355.25
2016-07-01,2016,7,1,29,14,21.5,0,3.5,0,,Lethbridge,BL,16.5,371.75
2016-07-02,2016,7,2,21,11,16,2,0,0,,Lethbridge,BL,11,382.75
2016-07-03,2016,7,3,17,11,14,4,0,4,,Lethbridge,BL,9,391.75
2016-07-04,2016,7,4,24,11,17.5,0.5,0,0,,Lethbridge,BL,12.5,404.25
2016-07-05,2016,7,5,23,11,17,1,0,13,,Lethbridge,BL,12,416.25
2016-07-06,2016,7,6,9,6,7.5,10.5,0,17,,Lethbridge,BL,2.5,418.75
2016-07-07,2016,7,7,13,6,9.5,8.5,0,0,,Lethbridge,BL,4.5,423.25
2016-07-08,2016,7,8,18,3,10.5,7.5,0,0,,Lethbridge,BL,5.5,428.75
2016-07-09,2016,7,9,22,2,12,6,0,0,,Lethbridge,BL,7,435.75
2016-07-10,2016,7,10,16,5,10.5,7.5,0,0,,Lethbridge,BL,5.5,441.25
2016-07-11,2016,7,11,12,5,8.5,9.5,0,35,,Lethbridge,BL,3.5,444.75
2016-07-12,2016,7,12,12,9,10.5,7.5,0,2,,Lethbridge,BL,5.5,450.25
2016-07-13,2016,7,13,15,8,11.5,6.5,0,0,,Lethbridge,BL,6.5,456.75
2016-07-14,2016,7,14,18,7,12.5,5.5,0,1,,Lethbridge,BL,7.5,464.25
2016-07-15,2016,7,15,25,11,18,0,0,5,,Lethbridge,BL,13,477.25
2016-07-16,2016,7,16,27,13,20,0,2,0,,Lethbridge,BL,15,492.25
2016-07-17,2016,7,17,29,11,20,0,2,1,,Lethbridge,BL,15,507.25
2016-07-18,2016,7,18,27,14,20.5,0,2.5,0,,Lethbridge,BL,15.5,522.75
2016-07-19,2016,7,19,23,14,18.5,0,0.5,0,,Lethbridge,BL,13.5,536.25
2016-07-20,2016,7,20,21,12,16.5,1.5,0,0,,Lethbridge,BL,11.5,547.75
2016-07-21,2016,7,21,22,12,17,1,0,0,,Lethbridge,BL,12,559.75
2016-07-22,2016,7,22,25,7,16,2,0,0,,Lethbridge,BL,11,570.75
2016-07-23,2016,7,23,24,13,18.5,0,0.5,2,,Lethbridge,BL,13.5,584.25
2016-07-24,2016,7,24,24,15,19.5,0,1.5,0,,Lethbridge,BL,14.5,598.75
2016-07-25,2016,7,25,24,13,18.5,0,0.5,0,,Lethbridge,BL,13.5,612.25
2016-07-26,2016,7,26,24,15,19.5,0,1.5,0,,Lethbridge,BL,14.5,626.75
2016-07-27,2016,7,27,23,13,18,0,0,1,,Lethbridge,BL,13,639.75
2016-07-28,2016,7,28,25,14,19.5,0,1.5,0,,Lethbridge,BL,14.5,654.25
2016-07-29,2016,7,29,27,14,20.5,0,2.5,0,,Lethbridge,BL,15.5,669.75
2016-07-30,2016,7,30,25,15,20,0,2,11,,Lethbridge,BL,15,684.75
2016-07-31,2016,7,31,23,14,18.5,0,0.5,13,,Lethbridge,BL,13.5,698.25
2016-08-01,2016,8,1,23,12,17.5,0.5,0,0,,Lethbridge,BL,12.5,710.75
2016-08-02,2016,8,2,14,11,12.5,5.5,0,0,,Lethbridge,BL,7.5,718.25
2016-08-03,2016,8,3,18,6,12,6,0,1,,Lethbridge,BL,7,725.25
2016-08-04,2016,8,4,22,6,14,4,0,1,,Lethbridge,BL,9,734.25
2016-08-05,2016,8,5,25,12,18.5,0,0.5,1,,Lethbridge,BL,13.5,747.75
2016-08-06,2016,8,6,25,16,20.5,0,2.5,3,,Lethbridge,BL,15.5,763.25
2016-08-07,2016,8,7,22,16,19,0,1,6,,Lethbridge,BL,14,777.25
2016-08-08,2016,8,8,27,15,21,0,3,0,,Lethbridge,BL,16,793.25
2016-08-09,2016,8,9,26,11,18.5,0,0.5,4,,Lethbridge,BL,13.5,806.75
2016-08-10,2016,8,10,24,10,17,1,0,0,,Lethbridge,BL,12,818.75
2016-08-11,2016,8,11,25,14,19.5,0,1.5,0,,Lethbridge,BL,14.5,833.25
2016-08-12,2016,8,12,23,16,19.5,0,1.5,0,,Lethbridge,BL,14.5,847.75
2016-08-13,2016,8,13,21,11,16,2,0,0,,Lethbridge,BL,11,858.75
2016-08-14,2016,8,14,24,9,16.5,1.5,0,0,,Lethbridge,BL,11.5,870.25
2016-08-15,2016,8,15,21,8,14.5,3.5,0,2,,Lethbridge,BL,9.5,879.75
2016-08-16,2016,8,16,25,11,18,0,0,0,,Lethbridge,BL,13,892.75
2016-08-17,2016,8,17,23,11,17,1,0,0,,Lethbridge,BL,12,904.75
2016-08-18,2016,8,18,18,9,13.5,4.5,0,0,,Lethbridge,BL,8.5,913.25
2016-08-19,2016,8,19,23,8,15.5,2.5,0,0,,Lethbridge,BL,10.5,923.75
2016-08-20,2016,8,20,22,9,15.5,2.5,0,0,,Lethbridge,BL,10.5,934.25
2016-08-21,2016,8,21,23,8,15.5,2.5,0,0,,Lethbridge,BL,10.5,944.75
2016-08-22,2016,8,22,22,8,15,3,0,3,,Lethbridge,BL,10,954.75
2016-08-23,2016,8,23,24,15,19.5,0,1.5,26,,Lethbridge,BL,14.5,969.25
2016-08-24,2016,8,24,24,13,18.5,0,0.5,0,,Lethbridge,BL,13.5,982.75
2016-08-25,2016,8,25,25,16,20.5,0,2.5,0,,Lethbridge,BL,15.5,998.25
2016-08-26,2016,8,26,22,18,20,0,2,34,,Lethbridge,BL,15,1013.25
2016-08-27,2016,8,27,18,12,15,3,0,1,,Lethbridge,BL,10,1023.25
2016-08-28,2016,8,28,20,9,14.5,3.5,0,0,,Lethbridge,BL,9.5,1032.75
2016-08-29,2016,8,29,21,5,13,5,0,12,,Lethbridge,BL,8,1040.75
2016-08-30,2016,8,30,15,9,12,6,0,2,,Lethbridge,BL,7,1047.75
2016-08-31,2016,8,31,18,2,10,8,0,1,,Lethbridge,BL,5,1052.75
2016-09-01,2016,9,1,19,5,12,6,0,2,,Lethbridge,BL,7,1059.75
2016-09-02,2016,9,2,14,5,9.5,8.5,0,0,,Lethbridge,BL,4.5,1064.25
2016-09-03,2016,9,3,14,7,10.5,7.5,0,0,,Lethbridge,BL,5.5,1069.75
2016-09-04,2016,9,4,13,5,9,9,0,0,,Lethbridge,BL,4,1073.75
2016-09-05,2016,9,5,24,1,12.5,5.5,0,0,,Lethbridge,BL,7.5,1081.25
2016-09-06,2016,9,6,25,12,18.5,0,0.5,0,,Lethbridge,BL,13.5,1094.75
2016-09-07,2016,9,7,25,17,21,0,3,0,,Lethbridge,BL,16,1110.75
2016-09-08,2016,9,8,16,12,14,4,0,12,,Lethbridge,BL,9,1119.75
2016-09-09,2016,9,9,22,10,16,2,0,21,,Lethbridge,BL,11,1130.75
2016-09-10,2016,9,10,14,9,11.5,6.5,0,3,,Lethbridge,BL,6.5,1137.25
2016-09-11,2016,9,11,18,1,9.5,8.5,0,1,,Lethbridge,BL,4.5,1141.75
2016-09-12,2016,9,12,18,12,15,3,0,0,,Lethbridge,BL,10,1151.75
2016-09-13,2016,9,13,23,10,16.5,1.5,0,0,,Lethbridge,BL,11.5,1163.25
2016-09-14,2016,9,14,24,15,19.5,0,1.5,0,,Lethbridge,BL,14.5,1177.75
2016-09-15,2016,9,15,17,14,15.5,2.5,0,3,,Lethbridge,BL,10.5,1188.25
2016-09-16,2016,9,16,17,2,9.5,8.5,0,0,,Lethbridge,BL,4.5,1192.75
2016-09-17,2016,9,17,19,9,14,4,0,0,,Lethbridge,BL,9,1201.75
2016-09-18,2016,9,18,17,10,13.5,4.5,0,22,,Lethbridge,BL,8.5,1210.25
2016-09-19,2016,9,19,9,7,8,10,0,2,,Lethbridge,BL,3,1213.25
2016-09-20,2016,9,20,14,6,10,8,0,1,,Lethbridge,BL,5,1218.25
2016-09-21,2016,9,21,20,6,13,5,0,0,,Lethbridge,BL,8,1226.25
2016-09-22,2016,9,22,20,10,15,3,0,0,,Lethbridge,BL,10,1236.25
2016-09-23,2016,9,23,15,8,11.5,6.5,0,13,,Lethbridge,BL,6.5,1242.75
2016-09-24,2016,9,24,10,8,9,9,0,4,,Lethbridge,BL,4,1246.75
2016-09-25,2016,9,25,13,0,6.5,11.5,0,0,,Lethbridge,BL,1.5,1248.25
2016-09-26,2016,9,26,10,3,6.5,11.5,0,4,,Lethbridge,BL,1.5,1249.75
2016-09-27,2016,9,27,12,1,6.5,11.5,0,6,,Lethbridge,BL,1.5,1251.25
2016-09-28,2016,9,28,12,2,7,11,0,0,,Lethbridge,BL,2,1253.25
2016-09-29,2016,9,29,8,0,4,14,0,14.6,,Lethbridge,BL,0,1253.25
2016-09-30,2016,9,30,15,3,9,9,0,0,,Lethbridge,BL,4,1257.25
2016-10-01,2016,10,1,17,3,10,8,0,0,,Lethbridge,BL,5,1262.25
2016-10-02,2016,10,2,15,-1,7,11,0,0,,Lethbridge,BL,2,1264.25
2016-10-03,2016,10,3,11,3,7,11,0,5,,Lethbridge,BL,2,1266.25
2016-10-04,2016,10,4,15,0,7.5,10.5,0,0,,Lethbridge,BL,2.5,1268.75
2016-10-05,2016,10,5,19,5,12,6,0,0,,Lethbridge,BL,7,1275.75
2016-10-06,2016,10,6,20,4,12,6,0,0,,Lethbridge,BL,7,1282.75
2016-10-07,2016,10,7,20,9,14.5,3.5,0,0,,Lethbridge,BL,9.5,1292.25
2016-10-08,2016,10,8,16,3,9.5,8.5,0,0,,Lethbridge,BL,4.5,1296.75
2016-10-09,2016,10,9,16,3,9.5,8.5,0,0,,Lethbridge,BL,4.5,1301.25
2016-10-10,2016,10,10,17,10,13.5,4.5,0,87,,Lethbridge,BL,8.5,1309.75
2016-10-11,2016,10,11,6,5,5.5,12.5,0,4,,Lethbridge,BL,0.5,1310.25
2016-10-12,2016,10,12,16,-1,7.5,10.5,0,0,,Lethbridge,BL,2.5,1312.75
2016-10-13,2016,10,13,14,2,8,10,0,0,,Lethbridge,BL,3,1315.75
2016-10-14,2016,10,14,12,5,8.5,9.5,0,4,,Lethbridge,BL,3.5,1319.25
2016-10-15,2016,10,15,8,4,6,12,0,0,,Lethbridge,BL,1,1320.25
2016-10-16,2016,10,16,12,1,6.5,11.5,0,0,,Lethbridge,BL,1.5,1321.75
2016-10-17,2016,10,17,10,0,5,13,0,4,,Lethbridge,BL,0,1321.75
2016-10-18,2016,10,18,9,5,7,11,0,0,,Lethbridge,BL,2,1323.75
2016-10-19,2016,10,19,14,-4,5,13,0,4,,Lethbridge,BL,0,1323.75
2016-10-20,2016,10,20,10,4.5,7.3,10.7,0,1,,Lethbridge,BL,2.25,1326
2016-10-21,2016,10,21,8,-4,2,16,0,2,,Lethbridge,BL,0,1326
2016-10-22,2016,10,22,16,2,9,9,0,42,,Lethbridge,BL,4,1330
2016-10-23,2016,10,23,15,10,12.5,5.5,0,7,,Lethbridge,BL,7.5,1337.5
2016-10-24,2016,10,24,11,6,8.5,9.5,0,1,,Lethbridge,BL,3.5,1341
2016-10-25,2016,10,25,11,2,6.5,11.5,0,0,,Lethbridge,BL,1.5,1342.5
2016-10-26,2016,10,26,5,2.5,3.8,14.2,0,2,,Lethbridge,BL,0,1342.5
2016-10-27,2016,10,27,5,0,2.5,15.5,0,2,,Lethbridge,BL,0,1342.5
2016-10-28,2016,10,28,3,-2,0.5,17.5,0,0,,Lethbridge,BL,0,1342.5
2016-10-29,2016,10,29,8,-4,2,16,0,13,,Lethbridge,BL,0,1342.5
2016-10-30,2016,10,30,14,0,7,11,0,3,,Lethbridge,BL,2,1344.5
2016-10-31,2016,10,31,12,8,10,8,0,3,,Lethbridge,BL,5,1349.5
2016-11-01,2016,11,1,5,2.5,3.8,14.2,0,3,,Lethbridge,BL,0,1349.5
2016-11-02,2016,11,2,11,4,7.5,10.5,0,8,,Lethbridge,BL,2.5,1352
2016-11-03,2016,11,3,13,6,9.5,8.5,0,5,,Lethbridge,BL,4.5,1356.5
2016-11-04,2016,11,4,8,3,5.5,12.5,0,3,,Lethbridge,BL,0.5,1357
2016-11-05,2016,11,5,7,4,5.5,12.5,0,0,,Lethbridge,BL,0.5,1357.5
2016-11-06,2016,11,6,8,2,5,13,0,0,,Lethbridge,BL,0,1357.5
2016-11-07,2016,11,7,6,-3,1.5,16.5,0,0,,Lethbridge,BL,0,1357.5
2016-11-08,2016,11,8,10,-1,4.5,13.5,0,0,,Lethbridge,BL,0,1357.5
2016-11-09,2016,11,9,5,-2,1.5,16.5,0,1,,Lethbridge,BL,0,1357.5
2016-11-10,2016,11,10,5,3,4,14,0,1,0,Lethbridge,BL,0,1357.5
2016-11-11,2016,11,11,10,1,5.5,12.5,0,1,0,Lethbridge,BL,0.5,1358
2016-11-12,2016,11,12,6.5,-1.5,2.5,15.5,0,1,0,Lethbridge,BL,0,1358
2016-11-13,2016,11,13,10,-3,3.5,14.5,0,0,,Lethbridge,BL,0,1358
2016-11-14,2016,11,14,10,0.5,5.3,12.7,0,0,,Lethbridge,BL,0.25,1358.25
2016-11-15,2016,11,15,7,-1,3,15,0,1,0,Lethbridge,BL,0,1358.25
2016-11-16,2016,11,16,7,0,3.5,14.5,0,8,0,Lethbridge,BL,0,1358.25
2016-11-17,2016,11,17,15,5,10,8,0,12,0,Lethbridge,BL,5,1363.25
2016-11-18,2016,11,18,15,8.5,11.8,6.2,0,23.5,0,Lethbridge,BL,6.75,1370
2016-11-19,2016,11,19,9,5,7,11,0,8,0,Lethbridge,BL,2,1372
2016-11-20,2016,11,20,16,5,10.5,7.5,0,10,0,Lethbridge,BL,5.5,1377.5
2016-11-21,2016,11,21,17,13,15,3,0,8,0,Lethbridge,BL,10,1387.5
2016-11-22,2016,11,22,15,10.5,12.8,5.2,0,7,0,Lethbridge,BL,7.75,1395.25
2016-11-23,2016,11,23,9,3,6,12,0,5,0,Lethbridge,BL,1,1396.25
2016-11-24,2016,11,24,3.5,2,2.8,15.2,0,1,0,Lethbridge,BL,0,1396.25
2016-11-25,2016,11,25,1.5,-1,0.3,17.7,0,0,0,Lethbridge,BL,0,1396.25
2016-11-26,2016,11,26,-1,-2,-1.5,19.5,0,0,0,Lethbridge,BL,0,1396.25
2016-11-27,2016,11,27,10,-4,3,15,0,17,0,Lethbridge,BL,0,1396.25
2016-11-28,2016,11,28,8,2,5,13,0,0,0,Lethbridge,BL,0,1396.25
2016-11-29,2016,11,29,4,-2,1,17,0,1,0,Lethbridge,BL,0,1396.25
2016-11-30,2016,11,30,2,-0.5,0.8,17.2,0,0,0,Lethbridge,BL,0,1396.25
2016-12-01,2016,12,1,0.5,-3,-1.3,19.3,0,1,0,Lethbridge,BL,0,1396.25
2016-12-02,2016,12,2,2,-2,0,18,0,10,1,Lethbridge,BL,0,1396.25
2016-12-03,2016,12,3,2.5,1,1.8,16.2,0,4,0,Lethbridge,BL,0,1396.25
2016-12-04,2016,12,4,2,0,1,17,0,2,0,Lethbridge,BL,0,1396.25
2016-12-05,2016,12,5,-2,-5,-3.5,21.5,0,0,0,Lethbridge,BL,0,1396.25
2016-12-06,2016,12,6,-3,-7,-5,23,0,0,0,Lethbridge,BL,0,1396.25
2016-12-07,2016,12,7,-3,-9,-6,24,0,0,0,Lethbridge,BL,0,1396.25
2016-12-08,2016,12,8,1,-10,-4.5,22.5,0,5,0,Lethbridge,BL,0,1396.25
2016-12-09,2016,12,9,2,-1,0.5,17.5,0,7,5,Lethbridge,BL,0,1396.25
2016-12-10,2016,12,10,-1,-10,-5.5,23.5,0,0,12,Lethbridge,BL,0,1396.25
2016-12-11,2016,12,11,-6,-12,-9,27,0,0,12,Lethbridge,BL,0,1396.25
2016-12-12,2016,12,12,-6,-13,-9.5,27.5,0,8,12,Lethbridge,BL,0,1396.25
2016-12-13,2016,12,13,-3,-12,-7.5,25.5,0,7,20,Lethbridge,BL,0,1396.25
2016-12-14,2016,12,14,1,-18,-8.5,26.5,0,8,27,Lethbridge,BL,0,1396.25
2016-12-15,2016,12,15,1.5,-5,-1.8,19.8,0,5,35,Lethbridge,BL,0,1396.25
2016-12-16,2016,12,16,-4,-7,-5.5,23.5,0,0,40,Lethbridge,BL,0,1396.25
2016-12-17,2016,12,17,-1,-11,-6,24,0,4,40,Lethbridge,BL,0,1396.25
2016-12-18,2016,12,18,10,-10,0,18,0,7,44,Lethbridge,BL,0,1396.25
2016-12-19,2016,12,19,2,-5,-1.5,19.5,0,0,4,Lethbridge,BL,0,1396.25
2016-12-20,2016,12,20,-2,-17,-9.5,27.5,0,0,4,Lethbridge,BL,0,1396.25
2016-12-21,2016,12,21,2,-10,-4,22,0,2,4,Lethbridge,BL,0,1396.25
2016-12-22,2016,12,22,0.5,-5,-2.3,20.3,0,0,4,Lethbridge,BL,0,1396.25
2016-12-23,2016,12,23,0,-2,-1,19,0,1,4,Lethbridge,BL,0,1396.25
2016-12-24,2016,12,24,5,-10,-2.5,20.5,0,11,5,Lethbridge,BL,0,1396.25
2016-12-25,2016,12,25,5,0,2.5,15.5,0,3,0,Lethbridge,BL,0,1396.25
2016-12-26,2016,12,26,-5,-11,-8,26,0,0,3,Lethbridge,BL,0,1396.25
2016-12-27,2016,12,27,3.5,-15,-5.8,23.8,0,15,3,Lethbridge,BL,0,1396.25
2016-12-28,2016,12,28,1,-1.5,-0.3,18.3,0,0,14,Lethbridge,BL,0,1396.25
2016-12-29,2016,12,29,-1,-5,-3,21,0,0,14,Lethbridge,BL,0,1396.25
2016-12-30,2016,12,30,5,-17,-6,24,0,21,14,Lethbridge,BL,0,1396.25
2016-12-31,2016,12,31,1,0,0.5,17.5,0,16,0,Lethbridge,BL,0,1396.25
2017-01-01,2017,1,1,0,-8,-4,22,0,12,15,Lethbridge,BL,0,0
2017-01-02,2017,1,2,1,-6,-2.5,20.5,0,0,27,Lethbridge,BL,0,0
2017-01-03,2017,1,3,-3,-4,-3.5,21.5,0,0,27,Lethbridge,BL,0,0
2017-01-04,2017,1,4,2.5,-6,-1.8,19.8,0,3,27,Lethbridge,BL,0,0
2017-01-05,2017,1,5,6,-3,1.5,16.5,0,2,23,Lethbridge,BL,0,0
2017-01-06,2017,1,6,3,-2,0.5,17.5,0,21,14,Lethbridge,BL,0,0
2017-01-07,2017,1,7,-4,-7,-5.5,23.5,0,5,35,Lethbridge,BL,0,0
2017-01-08,2017,1,8,5,-11,-3,21,0,11,40,Lethbridge,BL,0,0
2017-01-09,2017,1,9,-3,-6,-4.5,22.5,0,0,36,Lethbridge,BL,0,0
2017-01-10,2017,1,10,-4.5,-19,-11.8,29.8,0,0,36,Lethbridge,BL,0,0
2017-01-11,2017,1,11,1,-19,-9,27,0,0,36,Lethbridge,BL,0,0
2017-01-12,2017,1,12,6,-4,1,17,0,2,36,Lethbridge,BL,0,0
2017-01-13,2017,1,13,7,3,5,13,0,0,23,Lethbridge,BL,0,0
2017-01-14,2017,1,14,-10,-13,-11.5,29.5,0,0,18,Lethbridge,BL,0,0
2017-01-15,2017,1,15,-5,-15,-10,28,0,1,18,Lethbridge,BL,0,0
2017-01-16,2017,1,16,-3,-14,-8.5,26.5,0,4,19,Lethbridge,BL,0,0
2017-01-17,2017,1,17,-1,-19,-10,28,0,2,23,Lethbridge,BL,0,0
2017-01-18,2017,1,18,-1,-9,-5,23,0,2,25,Lethbridge,BL,0,0
2017-01-19,2017,1,19,-5,-16,-10.5,28.5,0,0,27,Lethbridge,BL,0,0
2017-01-20,2017,1,20,-1,-12,-6.5,24.5,0,0,27,Lethbridge,BL,0,0
2017-01-21,2017,1,21,-2,-4,-3,21,0,2,27,Lethbridge,BL,0,0
2017-01-22,2017,1,22,-1,-6,-3.5,21.5,0,1,29,Lethbridge,BL,0,0
2017-01-23,2017,1,23,-6,-10,-8,26,0,0,30,Lethbridge,BL,0,0
2017-01-24,2017,1,24,0,-20,-10,28,0,0,30,Lethbridge,BL,0,0
2017-01-25,2017,1,25,1,-19,-9,27,0,12,30,Lethbridge,BL,0,0
2017-01-26,2017,1,26,6,-3,1.5,16.5,0,4,30,Lethbridge,BL,0,0
2017-01-27,2017,1,27,,,,,,,,Lethbridge,BL,0,0
2017-01-28,2017,1,28,3,-2,0.5,17.5,0,0,18,Lethbridge,BL,0,0
2017-01-29,2017,1,29,0,-3,-1.5,19.5,0,0,18,Lethbridge,BL,0,0
2017-01-30,2017,1,30,4,-2,1,17,0,0,18,Lethbridge,BL,0,0
2017-01-31,2017,1,31,-2,-11.5,-6.8,24.8,0,0,16,Lethbridge,BL,0,0
2017-02-01,2017,2,1,,,,,,,,Lethbridge,BL,0,0
2017-02-02,2017,2,2,-3,-15,-9,27,0,0,16,Lethbridge,BL,0,0
2017-02-03,2017,2,3,0,-17,-8.5,26.5,0,0,16,Lethbridge,BL,0,0
2017-02-04,2017,2,4,-7,-14,-10.5,28.5,0,0,16,Lethbridge,BL,0,0
2017-02-05,2017,2,5,-6,-19,-12.5,30.5,0,1,16,Lethbridge,BL,0,0
2017-02-06,2017,2,6,-2,-16,-9,27,0,14,17,Lethbridge,BL,0,0
2017-02-07,2017,2,7,-10,-14,-12,30,0,0,31,Lethbridge,BL,0,0
2017-02-08,2017,2,8,3,-26,-11.5,29.5,0,2,31,Lethbridge,BL,0,0
2017-02-09,2017,2,9,5.5,-7,-0.8,18.8,0,3,30,Lethbridge,BL,0,0
2017-02-10,2017,2,10,7,-5,1,17,0,0,32,Lethbridge,BL,0,0
2017-02-11,2017,2,11,-4,-14,-9,27,0,0,28,Lethbridge,BL,0,0
2017-02-12,2017,2,12,-6,-23.5,-14.8,32.8,0,0,28,Lethbridge,BL,0,0
2017-02-13,2017,2,13,-2,-12,-7,25,0,0,28,Lethbridge,BL,0,0
2017-02-14,2017,2,14,-1,-5,-3,21,0,31,28,Lethbridge,BL,0,0
2017-02-15,2017,2,15,0,-1,-0.5,18.5,0,3,59,Lethbridge,BL,0,0
2017-02-16,2017,2,16,2,-3,-0.5,18.5,0,7,62,Lethbridge,BL,0,0
2017-02-17,2017,2,17,4,0,2,16,0,0,69,Lethbridge,BL,0,0
2017-02-18,2017,2,18,2,-2,0,18,0,0,69,Lethbridge,BL,0,0
2017-02-19,2017,2,19,2,-3,-0.5,18.5,0,6,69,Lethbridge,BL,0,0
2017-02-20,2017,2,20,-1,-2,-1.5,19.5,0,0,75,Lethbridge,BL,0,0
2017-02-21,2017,2,21,-2,-4,-3,21,0,0,75,Lethbridge,BL,0,0
2017-02-22,2017,2,22,-1,-8,-4.5,22.5,0,0,75,Lethbridge,BL,0,0
2017-02-23,2017,2,23,4,-9,-2.5,20.5,0,3,75,Lethbridge,BL,0,0
2017-02-24,2017,2,24,7,-5,1,17,0,5,70,Lethbridge,BL,0,0
2017-02-25,2017,2,25,4,-1.5,1.3,16.7,0,0,67,Lethbridge,BL,0,0
2017-02-26,2017,2,26,10,-1,4.5,13.5,0,3,58,Lethbridge,BL,0,0
2017-02-27,2017,2,27,1,-2,-0.5,18.5,0,0,40,Lethbridge,BL,0,0
2017-02-28,2017,2,28,-1,-3,-2,20,0,0,37,Lethbridge,BL,0,0
2017-02-29,2017,2,29,,,,,,,,Lethbridge,BL,0,0
2017-03-01,2017,3,1,5,-12,-3.5,21.5,0,5,37,Lethbridge,BL,0,0
2017-03-02,2017,3,2,6,-1,2.5,15.5,0,1,32,Lethbridge,BL,0,0
2017-03-03,2017,3,3,-1,-3,-2,20,0,0,26,Lethbridge,BL,0,0
2017-03-04,2017,3,4,-3,-8,-5.5,23.5,0,3,26,Lethbridge,BL,0,0
2017-03-05,2017,3,5,-1,-10,-5.5,23.5,0,11,29,Lethbridge,BL,0,0
2017-03-06,2017,3,6,2.5,-3,-0.3,18.3,0,1,40,Lethbridge,BL,0,0
2017-03-07,2017,3,7,1.5,-5,-1.8,19.8,0,0,41,Lethbridge,BL,0,0
2017-03-08,2017,3,8,5,-9,-2,20,0,3,38,Lethbridge,BL,0,0
2017-03-09,2017,3,9,7,-1,3,15,0,4,30,Lethbridge,BL,0,0
2017-03-10,2017,3,10,2,-1,0.5,17.5,0,6,31,Lethbridge,BL,0,0
2017-03-11,2017,3,11,5,-7,-1,19,0,9,34,Lethbridge,BL,0,0
2017-03-12,2017,3,12,-4,-12,-8,26,0,0,35,Lethbridge,BL,0,0
2017-03-13,2017,3,13,2,-11,-4.5,22.5,0,0,35,Lethbridge,BL,0,0
2017-03-14,2017,3,14,3,-5,-1,19,0,1,33,Lethbridge,BL,0,0
2017-03-15,2017,3,15,7.5,-5,1.3,16.7,0,6,30,Lethbridge,BL,0,0
2017-03-16,2017,3,16,7,2,4.5,13.5,0,0,27,Lethbridge,BL,0,0
2017-03-17,2017,3,17,5.5,-1,2.3,15.7,0,1,23,Lethbridge,BL,0,0
2017-03-18,2017,3,18,-1,-4,-2.5,20.5,0,0,19,Lethbridge,BL,0,0
2017-03-19,2017,3,19,5.5,-10,-2.3,20.3,0,0,19,Lethbridge,BL,0,0
2017-03-20,2017,3,20,0,-4,-2,20,0,25,17,Lethbridge,BL,0,0
2017-03-21,2017,3,21,,,,,,,,Lethbridge,BL,0,0
2017-03-22,2017,3,22,,,,,,,,Lethbridge,BL,0,0
2017-03-23,2017,3,23,3,-1,1,17,0,5,30,Lethbridge,BL,0,0
2017-03-24,2017,3,24,5,-10,-2.5,20.5,0,0,27,Lethbridge,BL,0,0
2017-03-25,2017,3,25,3,-19,-8,26,0,0,27,Lethbridge,BL,0,0
2017-03-26,2017,3,26,-7,-12,-9.5,27.5,0,0,21,Lethbridge,BL,0,0
2017-03-27,2017,3,27,-4.5,-15,-9.8,27.8,0,0,21,Lethbridge,BL,0,0
2017-03-28,2017,3,28,2.5,-6,-1.8,19.8,0,0,21,Lethbridge,BL,0,0
2017-03-29,2017,3,29,3,-2,0.5,17.5,0,0,18,Lethbridge,BL,0,0
2017-03-30,2017,3,30,1.5,-1,0.3,17.7,0,9,16,Lethbridge,BL,0,0
2017-03-31,2017,3,31,1,0,0.5,17.5,0,30,15,Lethbridge,BL,0,0
2017-04-01,2017,4,1,0,-1,-0.5,18.5,0,0,41,Lethbridge,BL,0,0
2017-04-02,2017,4,2,0,-3,-1.5,19.5,0,10,41,Lethbridge,BL,0,0
2017-04-03,2017,4,3,0,-2,-1,19,0,23,51,Lethbridge,BL,0,0
2017-04-04,2017,4,4,0,-1,-0.5,18.5,0,3,74,Lethbridge,BL,0,0
2017-04-05,2017,4,5,2,-2,0,18,0,0,76,Lethbridge,BL,0,0
2017-04-06,2017,4,6,4.5,-6,-0.8,18.8,0,0,76,Lethbridge,BL,0,0
2017-04-07,2017,4,7,7,-4,1.5,16.5,0,7,73,Lethbridge,BL,0,0
2017-04-08,2017,4,8,9,1,5,13,0,9,62,Lethbridge,BL,0,0
2017-04-09,2017,4,9,8,3,5.5,12.5,0,0,48,Lethbridge,BL,0.5,0.5
2017-04-10,2017,4,10,10,0,5,13,0,0,34,Lethbridge,BL,0,0.5
2017-04-11,2017,4,11,12,0,6,12,0,0,23,Lethbridge,BL,1,1.5
2017-04-12,2017,4,12,2,0,1,17,0,0,15,Lethbridge,BL,0,1.5
2017-04-13,2017,4,13,6.5,-1,2.8,15.2,0,0,15,Lethbridge,BL,0,1.5
2017-04-14,2017,4,14,5,1,3,15,0,0,12,Lethbridge,BL,0,1.5
2017-04-15,2017,4,15,4,-2,1,17,0,0,12,Lethbridge,BL,0,1.5
2017-04-16,2017,4,16,,,,,,,,Lethbridge,BL,0,1.5
2017-04-17,2017,4,17,,,,,,,,Lethbridge,BL,0,1.5
2017-04-18,2017,4,18,-2,-5,-3.5,21.5,0,0,8,Lethbridge,BL,0,1.5
2017-04-19,2017,4,19,1.5,-5,-1.8,19.8,0,0,8,Lethbridge,BL,0,1.5
2017-04-20,2017,4,20,3,-10,-3.5,21.5,0,10,7,Lethbridge,BL,0,1.5
2017-04-21,2017,4,21,3,0,1.5,16.5,0,7,17,Lethbridge,BL,0,1.5
2017-04-22,2017,4,22,3,-1,1,17,0,0,8,Lethbridge,BL,0,1.5
2017-04-23,2017,4,23,1,-1,0,18,0,8,7,Lethbridge,BL,0,1.5
2017-04-24,2017,4,24,9,-3,3,15,0,0,15,Lethbridge,BL,0,1.5
2017-04-25,2017,4,25,5.5,-3,1.3,16.7,0,0,7,Lethbridge,BL,0,1.5
2017-04-26,2017,4,26,10,-7,1.5,16.5,0,2,7,Lethbridge,BL,0,1.5
2017-04-27,2017,4,27,8,0,4,14,0,17,4,Lethbridge,BL,0,1.5
2017-04-28,2017,4,28,7,0,3.5,14.5,0,5,0,Lethbridge,BL,0,1.5
2017-04-29,2017,4,29,17,4,10.5,7.5,0,1,0,Lethbridge,BL,5.5,7
2017-04-30,2017,4,30,8,2,5,13,0,0,0,Lethbridge,BL,0,7
2017-05-01,2017,5,1,6,-3.5,1.3,16.7,0,0,0,Lethbridge,BL,0,7
2017-05-02,2017,5,2,8,-7,0.5,17.5,0,6,0,Lethbridge,BL,0,7
2017-05-03,2017,5,3,13,0,6.5,11.5,0,2,0,Lethbridge,BL,1.5,8.5
2017-05-04,2017,5,4,12,1,6.5,11.5,0,0,0,Lethbridge,BL,1.5,10
2017-05-05,2017,5,5,14,2,8,10,0,0,0,Lethbridge,BL,3,13
2017-05-06,2017,5,6,10,-5,2.5,15.5,0,0,0,Lethbridge,BL,0,13
2017-05-07,2017,5,7,14,-1,6.5,11.5,0,1,0,Lethbridge,BL,1.5,14.5
2017-05-08,2017,5,8,7,2,4.5,13.5,0,0,0,Lethbridge,BL,0,14.5
2017-05-09,2017,5,9,,,,,,,,Lethbridge,BL,0,14.5
2017-05-10,2017,5,10,,,,,,,,Lethbridge,BL,0,14.5
2017-05-11,2017,5,11,5,2,3.5,14.5,0,0,0,Lethbridge,BL,0,14.5
2017-05-12,2017,5,12,7.5,1.5,4.5,13.5,0,0,0,Lethbridge,BL,0,14.5
2017-05-13,2017,5,13,6,0,3,15,0,0,0,Lethbridge,BL,0,14.5
2017-05-14,2017,5,14,16.5,0,8.3,9.7,0,0,0,Lethbridge,BL,3.25,17.75
2017-05-15,2017,5,15,17,-1,8,10,0,8,0,Lethbridge,BL,3,20.75
2017-05-16,2017,5,16,14,3,8.5,9.5,0,0,0,Lethbridge,BL,3.5,24.25
2017-05-17,2017,5,17,11.5,4,7.8,10.2,0,3,0,Lethbridge,BL,2.75,27
2017-05-18,2017,5,18,13.5,5,9.3,8.7,0,0,0,Lethbridge,BL,4.25,31.25
2017-05-19,2017,5,19,15.5,-1,7.3,10.7,0,7,0,Lethbridge,BL,2.25,33.5
2017-05-20,2017,5,20,8,4,6,12,0,7,0,Lethbridge,BL,1,34.5
2017-05-21,2017,5,21,5,0.5,2.8,15.2,0,5,0,Lethbridge,BL,0,34.5
2017-05-22,2017,5,22,5.5,2,3.8,14.2,0,1,0,Lethbridge,BL,0,34.5
2017-05-23,2017,5,23,17,0,8.5,9.5,0,1,0,Lethbridge,BL,3.5,38
2017-05-24,2017,5,24,13,5,9,9,0,0,0,Lethbridge,BL,4,42
2017-05-25,2017,5,25,13,3,8,10,0,0,0,Lethbridge,BL,3,45
2017-05-26,2017,5,26,17,-4,6.5,11.5,0,0,0,Lethbridge,BL,1.5,46.5
2017-05-27,2017,5,27,6,3,4.5,13.5,0,0,0,Lethbridge,BL,0,46.5
2017-05-28,2017,5,28,11.5,-1,5.3,12.7,0,1,0,Lethbridge,BL,0.25,46.75
2017-05-29,2017,5,29,7,4,5.5,12.5,0,1,0,Lethbridge,BL,0.5,47.25
2017-05-30,2017,5,30,19,3,11,7,0,0,0,Lethbridge,BL,6,53.25
2017-05-31,2017,5,31,21,-1,10,8,0,0,0,Lethbridge,BL,5,58.25
2017-06-01,2017,6,1,13.5,8,10.8,7.2,0,5,0,Lethbridge,BL,5.75,64
2017-06-02,2017,6,2,17,8,12.5,5.5,0,0,0,Lethbridge,BL,7.5,71.5
2017-06-03,2017,6,3,12,5,8.5,9.5,0,2,0,Lethbridge,BL,3.5,75
2017-06-04,2017,6,4,11,5,8,10,0,7,0,Lethbridge,BL,3,78
2017-06-05,2017,6,5,,,,,,,,Lethbridge,BL,0,78
2017-06-06,2017,6,6,,,,,,,,Lethbridge,BL,0,78
2017-06-07,2017,6,7,19,-1,9,9,0,0,0,Lethbridge,BL,4,82
2017-06-08,2017,6,8,20,1,10.5,7.5,0,0,0,Lethbridge,BL,5.5,87.5
2017-06-09,2017,6,9,26,6,16,2,0,1,0,Lethbridge,BL,11,98.5
2017-06-10,2017,6,10,20,9,14.5,3.5,0,0,0,Lethbridge,BL,9.5,108
2017-06-11,2017,6,11,,,,,,,,Lethbridge,BL,0,108
2017-06-12,2017,6,12,,,,,,,,Lethbridge,BL,0,108
2017-06-13,2017,6,13,15,5.5,10.3,7.7,0,8,0,Lethbridge,BL,5.25,113.25
2017-06-14,2017,6,14,13,7,10,8,0,1,0,Lethbridge,BL,5,118.25
2017-06-15,2017,6,15,15,4,9.5,8.5,0,0,0,Lethbridge,BL,4.5,122.75
2017-06-16,2017,6,16,16.5,-1.5,7.5,10.5,0,0,0,Lethbridge,BL,2.5,125.25
2017-06-17,2017,6,17,22,2,12,6,0,2,0,Lethbridge,BL,7,132.25
2017-06-18,2017,6,18,20,7,13.5,4.5,0,0,0,Lethbridge,BL,8.5,140.75
2017-06-19,2017,6,19,27,10,18.5,0,0.5,0,0,Lethbridge,BL,13.5,154.25
2017-06-20,2017,6,20,30,14,22,0,4,1,0,Lethbridge,BL,17,171.25
2017-06-21,2017,6,21,26,15,20.5,0,2.5,0,0,Lethbridge,BL,15.5,186.75
2017-06-22,2017,6,22,23,10,16.5,1.5,0,0,0,Lethbridge,BL,11.5,198.25
2017-06-23,2017,6,23,20,8,14,4,0,4,0,Lethbridge,BL,9,207.25
2017-06-24,2017,6,24,17,10,13.5,4.5,0,21,0,Lethbridge,BL,8.5,215.75
2017-06-25,2017,6,25,27.5,13,20.3,0,2.3,0,0,Lethbridge,BL,15.25,231
2017-06-26,2017,6,26,27,6,16.5,1.5,0,0,0,Lethbridge,BL,11.5,242.5
2017-06-27,2017,6,27,,,,,,,,Lethbridge,BL,0,242.5
2017-06-28,2017,6,28,20,9,14.5,3.5,0,19,0,Lethbridge,BL,9.5,252
2017-06-29,2017,6,29,19,10,14.5,3.5,0,0,0,Lethbridge,BL,9.5,261.5
2017-06-30,2017,6,30,24,11,17.5,0.5,0,4,0,Lethbridge,BL,12.5,274
2017-07-01,2017,7,1,13,12,12.5,5.5,0,2,0,Lethbridge,BL,7.5,281.5
2017-07-02,2017,7,2,16,8,12,6,0,7,0,Lethbridge,BL,7,288.5
2017-07-03,2017,7,3,26,10,18,0,0,0,0,Lethbridge,BL,13,301.5
2017-07-04,2017,7,4,27,10,18.5,0,0.5,15,0,Lethbridge,BL,13.5,315
2017-07-05,2017,7,5,17,7,12,6,0,0,0,Lethbridge,BL,7,322
2017-07-06,2017,7,6,26,6,16,2,0,0,0,Lethbridge,BL,11,333
2017-07-07,2017,7,7,22,14,18,0,0,0,0,Lethbridge,BL,13,346
2017-07-08,2017,7,8,19,12,15.5,2.5,0,22,0,Lethbridge,BL,10.5,356.5
2017-07-09,2017,7,9,25,17,21,0,3,5,0,Lethbridge,BL,16,372.5
2017-07-10,2017,7,10,27,14,20.5,0,2.5,0,0,Lethbridge,BL,15.5,388
2017-07-11,2017,7,11,27.5,14,20.8,0,2.8,0,0,Lethbridge,BL,15.75,403.75
2017-07-12,2017,7,12,26,13,19.5,0,1.5,1,0,Lethbridge,BL,14.5,418.25
2017-07-13,2017,7,13,24,10,17,1,0,0,0,Lethbridge,BL,12,430.25
2017-07-14,2017,7,14,25,4,14.5,3.5,0,0,0,Lethbridge,BL,9.5,439.75
2017-07-15,2017,7,15,26,6,16,2,0,0,0,Lethbridge,BL,11,450.75
2017-07-16,2017,7,16,27,5,16,2,0,0,0,Lethbridge,BL,11,461.75
2017-07-17,2017,7,17,26,14,20,0,2,0,0,Lethbridge,BL,15,476.75
2017-07-18,2017,7,18,29.5,13,21.3,0,3.3,0,0,Lethbridge,BL,16.25,493
2017-07-19,2017,7,19,27,15,21,0,3,0,0,Lethbridge,BL,16,509
2017-07-20,2017,7,20,29,17,23,0,5,0,0,Lethbridge,BL,18,527
2017-07-21,2017,7,21,22,13,17.5,0.5,0,0,0,Lethbridge,BL,12.5,539.5
2017-07-22,2017,7,22,23,13,18,0,0,4,0,Lethbridge,BL,13,552.5
2017-07-23,2017,7,23,21,9,15,3,0,2,0,Lethbridge,BL,10,562.5
2017-07-24,2017,7,24,21,5,13,5,0,0,0,Lethbridge,BL,8,570.5
2017-07-25,2017,7,25,21,5,13,5,0,0,0,Lethbridge,BL,8,578.5
2017-07-26,2017,7,26,26,3,14.5,3.5,0,0,0,Lethbridge,BL,9.5,588
2017-07-27,2017,7,27,29,8,18.5,0,0.5,0,0,Lethbridge,BL,13.5,601.5
2017-07-28,2017,7,28,23.5,13,18.3,0,0.3,0,0,Lethbridge,BL,13.25,614.75
2017-07-29,2017,7,29,24,11,17.5,0.5,0,2,0,Lethbridge,BL,12.5,627.25
2017-07-30,2017,7,30,17,15,16,2,0,8,0,Lethbridge,BL,11,638.25
2017-07-31,2017,7,31,25,10,17.5,0.5,0,0,0,Lethbridge,BL,12.5,650.75
2017-08-01,2017,8,1,17,12,14.5,3.5,0,4,0,Lethbridge,BL,9.5,660.25
2017-08-02,2017,8,2,16,13,14.5,3.5,0,1,0,Lethbridge,BL,9.5,669.75
2017-08-03,2017,8,3,22,6,14,4,0,0,0,Lethbridge,BL,9,678.75
2017-08-04,2017,8,4,19,10,14.5,3.5,0,0,0,Lethbridge,BL,9.5,688.25
2017-08-05,2017,8,5,22.5,14,18.3,0,0.3,0,0,Lethbridge,BL,13.25,701.5
2017-08-06,2017,8,6,27,13,20,0,2,0,0,Lethbridge,BL,15,716.5
2017-08-07,2017,8,7,21,13,17,1,0,9,0,Lethbridge,BL,12,728.5
2017-08-08,2017,8,8,23,11,17,1,0,15,0,Lethbridge,BL,12,740.5
2017-08-09,2017,8,9,23,15,19,0,1,4,0,Lethbridge,BL,14,754.5
2017-08-10,2017,8,10,26,6,16,2,0,0,0,Lethbridge,BL,11,765.5
2017-08-11,2017,8,11,26,16,21,0,3,0,0,Lethbridge,BL,16,781.5
2017-08-12,2017,8,12,27,6,16.5,1.5,0,13,0,Lethbridge,BL,11.5,793
2017-08-13,2017,8,13,24,13,18.5,0,0.5,3,0,Lethbridge,BL,13.5,806.5
2017-08-14,2017,8,14,26.5,17,21.8,0,3.8,0,0,Lethbridge,BL,16.75,823.25
2017-08-15,2017,8,15,24,11,17.5,0.5,0,0,0,Lethbridge,BL,12.5,835.75
2017-08-16,2017,8,16,21,4,12.5,5.5,0,7,0,Lethbridge,BL,7.5,843.25
2017-08-17,2017,8,17,22,13,17.5,0.5,0,3,0,Lethbridge,BL,12.5,855.75
2017-08-18,2017,8,18,15,10,12.5,5.5,0,5,0,Lethbridge,BL,7.5,863.25
2017-08-19,2017,8,19,15,9,12,6,0,0,0,Lethbridge,BL,7,870.25
2017-08-20,2017,8,20,19,3,11,7,0,8,0,Lethbridge,BL,6,876.25
2017-08-21,2017,8,21,25.5,12,18.8,0,0.8,0,0,Lethbridge,BL,13.75,890
2017-08-22,2017,8,22,28,10,19,0,1,0,0,Lethbridge,BL,14,904
2017-08-23,2017,8,23,24,12,18,0,0,0,0,Lethbridge,BL,13,917
2017-08-24,2017,8,24,28,18,23,0,5,2,0,Lethbridge,BL,18,935
2017-08-25,2017,8,25,22,16,19,0,1,32,0,Lethbridge,BL,14,949
2017-08-26,2017,8,26,15,12,13.5,4.5,0,5,0,Lethbridge,BL,8.5,957.5
2017-08-27,2017,8,27,13,10,11.5,6.5,0,6,0,Lethbridge,BL,6.5,964
2017-08-28,2017,8,28,22,8,15,3,0,0,0,Lethbridge,BL,10,974
2017-08-29,2017,8,29,21,5,13,5,0,0,0,Lethbridge,BL,8,982
2017-08-30,2017,8,30,20,8,14,4,0,0,0,Lethbridge,BL,9,991
2017-08-31,2017,8,31,22,4,13,5,0,9,0,Lethbridge,BL,8,999
2017-09-01,2017,9,1,18,12,15,3,0,1,0,Lethbridge,BL,10,1009
2017-09-02,2017,9,2,20,6,13,5,0,5,0,Lethbridge,BL,8,1017
2017-09-03,2017,9,3,21,6,13.5,4.5,0,0,0,Lethbridge,BL,8.5,1025.5
2017-09-04,2017,9,4,18,5,11.5,6.5,0,6,0,Lethbridge,BL,6.5,1032
2017-09-05,2017,9,5,23.5,14,18.8,0,0.8,0,0,Lethbridge,BL,13.75,1045.75
2017-09-06,2017,9,6,25.5,15,20.3,0,2.3,2,0,Lethbridge,BL,15.25,1061
2017-09-07,2017,9,7,22,17,19.5,0,1.5,1,0,Lethbridge,BL,14.5,1075.5
2017-09-08,2017,9,8,22,19,20.5,0,2.5,3,0,Lethbridge,BL,15.5,1091
2017-09-09,2017,9,9,17,10,13.5,4.5,0,5,0,Lethbridge,BL,8.5,1099.5
2017-09-10,2017,9,10,13,12,12.5,5.5,0,4,0,Lethbridge,BL,7.5,1107
2017-09-11,2017,9,11,12,10,11,7,0,20,0,Lethbridge,BL,6,1113
2017-09-12,2017,9,12,13,11,12,6,0,6,0,Lethbridge,BL,7,1120
2017-09-13,2017,9,13,14,10,12,6,0,2,0,Lethbridge,BL,7,1127
2017-09-14,2017,9,14,25,6,15.5,2.5,0,0,0,Lethbridge,BL,10.5,1137.5
2017-09-15,2017,9,15,20,8,14,4,0,0,0,Lethbridge,BL,9,1146.5
2017-09-16,2017,9,16,17,5,11,7,0,5,0,Lethbridge,BL,6,1152.5
2017-09-17,2017,9,17,17,5,11,7,0,0,0,Lethbridge,BL,6,1158.5
2017-09-18,2017,9,18,15,7,11,7,0,0,0,Lethbridge,BL,6,1164.5
2017-09-19,2017,9,19,17,0,8.5,9.5,0,0,0,Lethbridge,BL,3.5,1168
2017-09-20,2017,9,20,19,14,16.5,1.5,0,6,0,Lethbridge,BL,11.5,1179.5
2017-09-21,2017,9,21,16,9,12.5,5.5,0,0,0,Lethbridge,BL,7.5,1187
2017-09-22,2017,9,22,20,4,12,6,0,0,0,Lethbridge,BL,7,1194
2017-09-23,2017,9,23,21,5,13,5,0,0,0,Lethbridge,BL,8,1202
2017-09-24,2017,9,24,10,8,9,9,0,0,0,Lethbridge,BL,4,1206
2017-09-25,2017,9,25,16.5,5,10.8,7.2,0,3,0,Lethbridge,BL,5.75,1211.75
2017-09-26,2017,9,26,21,7,14,4,0,3,0,Lethbridge,BL,9,1220.75
2017-09-27,2017,9,27,13.5,0,6.8,11.2,0,9,0,Lethbridge,BL,1.75,1222.5
2017-09-28,2017,9,28,19,8,13.5,4.5,0,7,0,Lethbridge,BL,8.5,1231
2017-09-29,2017,9,29,13,8,10.5,7.5,0,1,0,Lethbridge,BL,5.5,1236.5
2017-09-30,2017,9,30,10,2,6,12,0,0,0,Lethbridge,BL,1,1237.5
2017-10-01,2017,10,1,14,-2,6,12,0,0,0,Lethbridge,BL,1,1238.5
2017-10-02,2017,10,2,13,6,9.5,8.5,0,0,0,Lethbridge,BL,4.5,1243
2017-10-03,2017,10,3,10,4.5,7.3,10.7,0,0,0,Lethbridge,BL,2.25,1245.25
2017-10-04,2017,10,4,15,-3,6,12,0,0,0,Lethbridge,BL,1,1246.25
2017-10-05,2017,10,5,20,10,15,3,0,1,0,Lethbridge,BL,10,1256.25
2017-10-06,2017,10,6,19,5,12,6,0,1,0,Lethbridge,BL,7,1263.25
2017-10-07,2017,10,7,17,0,8.5,9.5,0,0,0,Lethbridge,BL,3.5,1266.75
2017-10-08,2017,10,8,17,5,11,7,0,3,0,Lethbridge,BL,6,1272.75
2017-10-09,2017,10,9,23.5,12,17.8,0.2,0,0,0,Lethbridge,BL,12.75,1285.5
2017-10-10,2017,10,10,21,10,15.5,2.5,0,2,0,Lethbridge,BL,10.5,1296
2017-10-11,2017,10,11,12,9,10.5,7.5,0,0,0,Lethbridge,BL,5.5,1301.5
2017-10-12,2017,10,12,10,0,5,13,0,2,0,Lethbridge,BL,0,1301.5
2017-10-13,2017,10,13,10,0,5,13,0,0,0,Lethbridge,BL,0,1301.5
2017-10-14,2017,10,14,14,-4,5,13,0,2,0,Lethbridge,BL,0,1301.5
2017-10-15,2017,10,15,12,9,10.5,7.5,0,3,0,Lethbridge,BL,5.5,1307
2017-10-16,2017,10,16,18,7,12.5,5.5,0,0,0,Lethbridge,BL,7.5,1314.5
2017-10-17,2017,10,17,6,4,5,13,0,1,0,Lethbridge,BL,0,1314.5
2017-10-18,2017,10,18,9,-3,3,15,0,2,0,Lethbridge,BL,0,1314.5
2017-10-19,2017,10,19,12,3,7.5,10.5,0,1,0,Lethbridge,BL,2.5,1317
2017-10-20,2017,10,20,17,6,11.5,6.5,0,0,0,Lethbridge,BL,6.5,1323.5
2017-10-21,2017,10,21,8,4,6,12,0,0,0,Lethbridge,BL,1,1324.5
2017-10-22,2017,10,22,3.5,-1,1.3,16.7,0,0,0,Lethbridge,BL,0,1324.5
2017-10-23,2017,10,23,5,0.5,2.8,15.2,0,0,0,Lethbridge,BL,0,1324.5
2017-10-24,2017,10,24,12,-6,3,15,0,0,0,Lethbridge,BL,0,1324.5
2017-10-25,2017,10,25,19,-0.5,9.3,8.7,0,0,0,Lethbridge,BL,4.25,1328.75
2017-10-26,2017,10,26,20,1,10.5,7.5,0,1,0,Lethbridge,BL,5.5,1334.25
2017-10-27,2017,10,27,16,4,10,8,0,1,0,Lethbridge,BL,5,1339.25
2017-10-28,2017,10,28,11,6,8.5,9.5,0,0,0,Lethbridge,BL,3.5,1342.75
2017-10-29,2017,10,29,11,6,8.5,9.5,0,1,0,Lethbridge,BL,3.5,1346.25
2017-10-30,2017,10,30,11,-1,5,13,0,0,0,Lethbridge,BL,0,1346.25
2017-10-31,2017,10,31,18,8,13,5,0,0,0,Lethbridge,BL,8,1354.25
2017-11-01,2017,11,1,15,9,12,6,0,0,0,Lethbridge,BL,7,1361.25
2017-11-02,2017,11,2,,,,,,,,Lethbridge,BL,0,1361.25
2017-11-03,2017,11,3,13,-2,5.5,12.5,0,13,0,Lethbridge,BL,0.5,1361.75
2017-11-04,2017,11,4,13.5,8,10.8,7.2,0,2,0,Lethbridge,BL,5.75,1367.5
2017-11-05,2017,11,5,3,-1,1,17,0,0,0,Lethbridge,BL,0,1367.5
2017-11-06,2017,11,6,15,-6,4.5,13.5,0,7,0,Lethbridge,BL,0,1367.5
2017-11-07,2017,11,7,,,,,,,,Lethbridge,BL,0,1367.5
2017-11-08,2017,11,8,5,0,2.5,15.5,0,0,0,Lethbridge,BL,0,1367.5
2017-11-09,2017,11,9,4,2,3,15,0,0,0,Lethbridge,BL,0,1367.5
2017-11-10,2017,11,10,8,1,4.5,13.5,0,8,0,Lethbridge,BL,0,1367.5
2017-11-11,2017,11,11,8,0,4,14,0,0,0,Lethbridge,BL,0,1367.5
2017-11-12,2017,11,12,5,-1,2,16,0,0,0,Lethbridge,BL,0,1367.5
2017-11-13,2017,11,13,5,-5,0,18,0,0,0,Lethbridge,BL,0,1367.5
2017-11-14,2017,11,14,4,-2,1,17,0,0,0,Lethbridge,BL,0,1367.5
2017-11-15,2017,11,15,2.5,-1,0.8,17.2,0,0,0,Lethbridge,BL,0,1367.5
2017-11-16,2017,11,16,4.5,-4,0.3,17.7,0,0,0,Lethbridge,BL,0,1367.5
2017-11-17,2017,11,17,4,-2,1,17,0,7,0,Lethbridge,BL,0,1367.5
2017-11-18,2017,11,18,7,2,4.5,13.5,0,1,0,Lethbridge,BL,0,1367.5
2017-11-19,2017,11,19,6,1,3.5,14.5,0,1,0,Lethbridge,BL,0,1367.5
2017-11-20,2017,11,20,13,-2,5.5,12.5,0,3,0,Lethbridge,BL,0.5,1368
2017-11-21,2017,11,21,3,0,1.5,16.5,0,0,0,Lethbridge,BL,0,1368
2017-11-22,2017,11,22,5,-3,1,17,0,0,0,Lethbridge,BL,0,1368
2017-11-23,2017,11,23,10,-6,2,16,0,12,0,Lethbridge,BL,0,1368
2017-11-24,2017,11,24,5,2,3.5,14.5,0,0,0,Lethbridge,BL,0,1368
2017-11-25,2017,11,25,7,-5,1,17,0,0,0,Lethbridge,BL,0,1368
2017-11-26,2017,11,26,10,5,7.5,10.5,0,11,0,Lethbridge,BL,2.5,1370.5
2017-11-27,2017,11,27,7,2,4.5,13.5,0,0,0,Lethbridge,BL,0,1370.5
2017-11-28,2017,11,28,1,-6,-2.5,20.5,0,0,0,Lethbridge,BL,0,1370.5
2017-11-29,2017,11,29,7,-7,0,18,0,6,0,Lethbridge,BL,0,1370.5
2017-11-30,2017,11,30,2,-3,-0.5,18.5,0,3,0,Lethbridge,BL,0,1370.5
2017-12-01,2017,12,1,2,-6,-2,20,0,0,0,Lethbridge,BL,0,1370.5
2017-12-02,2017,12,2,1,-4,-1.5,19.5,0,0,0,Lethbridge,BL,0,1370.5
2017-12-03,2017,12,3,1,-2,-0.5,18.5,0,0,0,Lethbridge,BL,0,1370.5
2017-12-04,2017,12,4,1,-1,0,18,0,0,0,Lethbridge,BL,0,1370.5
2017-12-05,2017,12,5,2,0,1,17,0,0,0,Lethbridge,BL,0,1370.5
2017-12-06,2017,12,6,3,-1,1,17,0,0,0,Lethbridge,BL,0,1370.5
2017-12-07,2017,12,7,5,-4,0.5,17.5,0,1,0,Lethbridge,BL,0,1370.5
2017-12-08,2017,12,8,3,-3,0,18,0,0,0,Lethbridge,BL,0,1370.5
2017-12-09,2017,12,9,3,-1,1,17,0,24,0,Lethbridge,BL,0,1370.5
2017-12-10,2017,12,10,14,-1,6.5,11.5,0,19,0,Lethbridge,BL,1.5,1372
2017-12-11,2017,12,11,5,0,2.5,15.5,0,3,0,Lethbridge,BL,0,1372
2017-12-12,2017,12,12,2,-2,0,18,0,0,0,Lethbridge,BL,0,1372
2017-12-13,2017,12,13,10,-3,3.5,14.5,0,15,3,Lethbridge,BL,0,1372
2017-12-14,2017,12,14,7,2,4.5,13.5,0,11,0,Lethbridge,BL,0,1372
2017-12-15,2017,12,15,0,-2,-1,19,0,0,5,Lethbridge,BL,0,1372
2017-12-16,2017,12,16,-1,-5,-3,21,0,26,5,Lethbridge,BL,0,1372
2017-12-17,2017,12,17,-4,-9,-6.5,24.5,0,0,31,Lethbridge,BL,0,1372
2017-12-18,2017,12,18,-6,-14,-10,28,0,0,31,Lethbridge,BL,0,1372
2017-12-19,2017,12,19,1,-15,-7,25,0,0,31,Lethbridge,BL,0,1372
2017-12-20,2017,12,20,4,-4,0,18,0,17,31,Lethbridge,BL,0,1372
2017-12-21,2017,12,21,0,-1,-0.5,18.5,0,0,15,Lethbridge,BL,0,1372
2017-12-22,2017,12,22,-1,-2,-1.5,19.5,0,0,15,Lethbridge,BL,0,1372
2017-12-23,2017,12,23,3,-5,-1,19,0,5,15,Lethbridge,BL,0,1372
2017-12-24,2017,12,24,9,-6,1.5,16.5,0,1,20,Lethbridge,BL,0,1372
2017-12-25,2017,12,25,5,-5,0,18,0,12,12,Lethbridge,BL,0,1372
2017-12-26,2017,12,26,0,-4,-2,20,0,0,15,Lethbridge,BL,0,1372
2017-12-27,2017,12,27,-3,-8,-5.5,23.5,0,1,15,Lethbridge,BL,0,1372
2017-12-28,2017,12,28,-3,-9,-6,24,0,5,16,Lethbridge,BL,0,1372
2017-12-29,2017,12,29,-1,-5,-3,21,0,5,21,Lethbridge,BL,0,1372
2017-12-30,2017,12,30,-3,-15,-9,27,0,0,26,Lethbridge,BL,0,1372
2017-12-31,2017,12,31,-2,-10,-6,24,0,0,26,Lethbridge,BL,0,1372
2016-01-01,2016,1,1,-1.2,-6.1,-3.7,21.7,0,1.3,0,TNNP,,0,1372
2016-01-02,2016,1,2,0.1,-7.3,-3.6,21.6,0,0,0,TNNP,,0,1372
2016-01-03,2016,1,3,-2,-5,-3.5,21.5,0,3.6,2,TNNP,,0,1372
2016-01-04,2016,1,4,-3.5,-10.1,-6.8,24.8,0,6.8,13,TNNP,,0,1372
2016-01-05,2016,1,5,-9.6,-15.2,-12.4,30.4,0,0,12,TNNP,,0,1372
2016-01-06,2016,1,6,-1.9,-13.6,-7.8,25.8,0,0,11,TNNP,,0,1372
2016-01-07,2016,1,7,0.4,-7.6,-3.6,21.6,0,0,9,TNNP,,0,1372
2016-01-08,2016,1,8,-7.2,-11.6,-9.4,27.4,0,0,8,TNNP,,0,1372
2016-01-09,2016,1,9,-5.9,-11.9,-8.9,26.9,0,0,9,TNNP,,0,1372
2016-01-10,2016,1,10,-4.4,-12.5,-8.5,26.5,0,0,9,TNNP,,0,1372
2016-01-11,2016,1,11,1.8,-9.4,-3.8,21.8,0,3.6,9,TNNP,,0,1372
2016-01-12,2016,1,12,2.7,-10.9,-4.1,22.1,0,0,7,TNNP,,0,1372
2016-01-13,2016,1,13,-0.1,-13.4,-6.8,24.8,0,11.1,6,TNNP,,0,1372
2016-01-14,2016,1,14,-2,-7.1,-4.6,22.6,0,0,16,TNNP,,0,1372
2016-01-15,2016,1,15,-4.8,-10.6,-7.7,25.7,0,0.6,15,TNNP,,0,1372
2016-01-16,2016,1,16,-1.5,-10.9,-6.2,24.2,0,0,15,TNNP,,0,1372
2016-01-17,2016,1,17,-1.8,-9.7,-5.8,23.8,0,0,15,TNNP,,0,1372
2016-01-18,2016,1,18,-1.5,-6.6,-4.1,22.1,0,6.7,14,TNNP,,0,1372
2016-01-19,2016,1,19,-1.5,-10.9,-6.2,24.2,0,2.8,22,TNNP,,0,1372
2016-01-20,2016,1,20,-2.1,-11,-6.6,24.6,0,0,23,TNNP,,0,1372
2016-01-21,2016,1,21,-2.5,-11.4,-7,25,0,0,23,TNNP,,0,1372
2016-01-22,2016,1,22,-3.7,-12.3,-8,26,0,0,22,TNNP,,0,1372
2016-01-23,2016,1,23,-4.4,-10.8,-7.6,25.6,0,0,21,TNNP,,0,1372
2016-01-24,2016,1,24,-6.9,-13.2,-10.1,28.1,0,0.6,21,TNNP,,0,1372
2016-01-25,2016,1,25,-2.6,-14.8,-8.7,26.7,0,0,21,TNNP,,0,1372
2016-01-26,2016,1,26,3.9,-16.8,-6.5,24.5,0,0.6,21,TNNP,,0,1372
2016-01-27,2016,1,27,4.6,-4.5,0.1,17.9,0,0,17,TNNP,,0,1372
2016-01-28,2016,1,28,-2.2,-8.7,-5.5,23.5,0,0,13,TNNP,,0,1372
2016-01-29,2016,1,29,-1.2,-8.3,-4.8,22.8,0,28,13,TNNP,,0,1372
2016-01-30,2016,1,30,-2,-8.5,-5.3,23.3,0,13.9,37,TNNP,,0,1372
2016-01-31,2016,1,31,-1.1,-12.4,-6.8,24.8,0,1.3,39,TNNP,,0,1372
2016-02-01,2016,2,1,5.9,-1.1,2.4,15.6,0,1.3,37,TNNP,,0,1372
2016-02-02,2016,2,2,4.2,-10.6,-3.2,21.2,0,0,31,TNNP,,0,1372
2016-02-03,2016,2,3,-3.9,-12.9,-8.4,26.4,0,0,30,TNNP,,0,1372
2016-02-04,2016,2,4,4.7,-7.4,-1.4,19.4,0,7.8,31,TNNP,,0,1372
2016-02-05,2016,2,5,4.5,-0.5,2,16,0,8.8,28,TNNP,,0,1372
2016-02-06,2016,2,6,10.6,-9.3,0.7,17.3,0,16.7,21,TNNP,,0,1372
2016-02-07,2016,2,7,-1.9,-11,-6.5,24.5,0,1,20,TNNP,,0,1372
2016-02-08,2016,2,8,-5.8,-11.3,-8.6,26.6,0,0,21,TNNP,,0,1372
2016-02-09,2016,2,9,-2,-5.8,-3.9,21.9,0,19.3,23,TNNP,,0,1372
2016-02-10,2016,2,10,0.7,-6.3,-2.8,20.8,0,9.5,39,TNNP,,0,1372
2016-02-11,2016,2,11,-2.5,-8.9,-5.7,23.7,0,2.2,35,TNNP,,0,1372
2016-02-12,2016,2,12,-0.8,-11.6,-6.2,24.2,0,4.7,42,TNNP,,0,1372
2016-02-13,2016,2,13,-7.1,-14.2,-10.7,28.7,0,11,48,TNNP,,0,1372
2016-02-14,2016,2,14,-5.3,-14.2,-9.8,27.8,0,3.1,63,TNNP,,0,1372
2016-02-15,2016,2,15,-8.1,-18.7,-13.4,31.4,0,0,58,TNNP,,0,1372
2016-02-16,2016,2,16,3.3,-12.3,-4.5,22.5,0,1.5,54,TNNP,,0,1372
2016-02-17,2016,2,17,9.8,3.1,6.5,11.5,0,20.3,45,TNNP,,1.45,1373.45
2016-02-18,2016,2,18,6,-5.3,0.4,17.6,0,0,22,TNNP,,0,1373.45
2016-02-19,2016,2,19,-4.4,-12.8,-8.6,26.6,0,0,22,TNNP,,0,1373.45
2016-02-20,2016,2,20,-2,-12.7,-7.4,25.4,0,0,22,TNNP,,0,1373.45
2016-02-21,2016,2,21,-1.3,-9.9,-5.6,23.6,0,0.8,22,TNNP,,0,1373.45
2016-02-22,2016,2,22,3.2,-5.3,-1.1,19.1,0,0.8,22,TNNP,,0,1373.45
2016-02-23,2016,2,23,-4.6,-13,-8.8,26.8,0,0,22,TNNP,,0,1373.45
2016-02-24,2016,2,24,-4.8,-15.7,-10.3,28.3,0,2.1,22,TNNP,,0,1373.45
2016-02-25,2016,2,25,10.7,-5.1,2.8,15.2,0,14.7,27,TNNP,,0,1373.45
2016-02-26,2016,2,26,11,1.8,6.4,11.6,0,5.8,14,TNNP,,1.4,1374.85
2016-02-27,2016,2,27,2.6,-8,-2.7,20.7,0,0,12,TNNP,,0,1374.85
2016-02-28,2016,2,28,0.8,-8.3,-3.8,21.8,0,0,11,TNNP,,0,1374.85
2016-02-29,2016,2,29,8.1,-8.8,-0.4,18.4,0,0,11,TNNP,,0,1374.85
2016-03-01,2016,3,1,10,-6.3,1.9,16.1,0,6.6,5,TNNP,,0,1374.85
2016-03-02,2016,3,2,2.3,-6.8,-2.3,20.3,0,0,1,TNNP,,0,1374.85
2016-03-03,2016,3,3,9.5,-8.9,0.3,17.7,0,5.5,1,TNNP,,0,1374.85
2016-03-04,2016,3,4,-2.7,-10.7,-6.7,24.7,0,0.6,0,TNNP,,0,1374.85
2016-03-05,2016,3,5,-1.1,-11.7,-6.4,24.4,0,27.1,0,TNNP,,0,1374.85
2016-03-06,2016,3,6,-1.1,-11.5,-6.3,24.3,0,6,16,TNNP,,0,1374.85
2016-03-07,2016,3,7,-1.5,-13.4,-7.5,25.5,0,0,17,TNNP,,0,1374.85
2016-03-08,2016,3,8,2.9,-12.2,-4.7,22.7,0,0,17,TNNP,,0,1374.85
2016-03-09,2016,3,9,-4.1,-14.7,-9.4,27.4,0,0.6,16,TNNP,,0,1374.85
2016-03-10,2016,3,10,-2.2,-12.6,-7.4,25.4,0,5.4,21,TNNP,,0,1374.85
2016-03-11,2016,3,11,0.1,-15,-7.5,25.5,0,0,20,TNNP,,0,1374.85
2016-03-12,2016,3,12,-3.4,-10.9,-7.2,25.2,0,0,19,TNNP,,0,1374.85
2016-03-13,2016,3,13,-0.9,-11.8,-6.4,24.4,0,6.9,18,TNNP,,0,1374.85
2016-03-14,2016,3,14,-6.7,-12,-9.4,27.4,0,1.9,26,TNNP,,0,1374.85
2016-03-15,2016,3,15,1,-13.2,-6.1,24.1,0,0,24,TNNP,,0,1374.85
2016-03-16,2016,3,16,1.7,-9.1,-3.7,21.7,0,0.6,22,TNNP,,0,1374.85
2016-03-17,2016,3,17,3.7,-7.9,-2.1,20.1,0,0,20,TNNP,,0,1374.85
2016-03-18,2016,3,18,3.5,-7.5,-2,20,0,0,18,TNNP,,0,1374.85
2016-03-19,2016,3,19,4.1,-8.8,-2.4,20.4,0,1.3,19,TNNP,,0,1374.85
2016-03-20,2016,3,20,-1.9,-10.6,-6.3,24.3,0,0,15,TNNP,,0,1374.85
2016-03-21,2016,3,21,0.2,-12.5,-6.2,24.2,0,2.8,16,TNNP,,0,1374.85
2016-03-22,2016,3,22,3.9,-7,-1.6,19.6,0,5.8,16,TNNP,,0,1374.85
2016-03-23,2016,3,23,0,-9.9,-5,23,0,0,14,TNNP,,0,1374.85
2016-03-24,2016,3,24,-2.2,-10.3,-6.3,24.3,0,0,14,TNNP,,0,1374.85
2016-03-25,2016,3,25,-0.1,-10.9,-5.5,23.5,0,12,14,TNNP,,0,1374.85
2016-03-26,2016,3,26,-0.8,-9,-4.9,22.9,0,0.6,16,TNNP,,0,1374.85
2016-03-27,2016,3,27,4.4,-10.2,-2.9,20.9,0,0.6,15,TNNP,,0,1374.85
2016-03-28,2016,3,28,3.7,-6.1,-1.2,19.2,0,0,15,TNNP,,0,1374.85
2016-03-29,2016,3,29,5.8,-2.2,1.8,16.2,0,9.2,15,TNNP,,0,1374.85
2016-03-30,2016,3,30,2.5,-4.4,-1,19,0,0.7,15,TNNP,,0,1374.85
2016-03-31,2016,3,31,7.7,-3.5,2.1,15.9,0,0.6,12,TNNP,,0,1374.85
2016-04-01,2016,4,1,8.8,1.3,5.1,12.9,0,3.2,10,TNNP,,0.05,1374.9
2016-04-02,2016,4,2,13.5,0.3,6.9,11.1,0,11.6,4,TNNP,,1.9,1376.8
2016-04-03,2016,4,3,9.4,-0.4,4.5,13.5,0,8.5,0,TNNP,,0,1376.8
2016-04-04,2016,4,4,1,-8.1,-3.6,21.6,0,0.6,0,TNNP,,0,1376.8
2016-04-05,2016,4,5,-2.1,-9.5,-5.8,23.8,0,5.4,0,TNNP,,0,1376.8
2016-04-06,2016,4,6,-2.5,-10.5,-6.5,24.5,0,0.6,6,TNNP,,0,1376.8
2016-04-07,2016,4,7,4.1,-9.1,-2.5,20.5,0,0,0,TNNP,,0,1376.8
2016-04-08,2016,4,8,11.6,-0.6,5.5,12.5,0,0,0,TNNP,,0.5,1377.3
2016-04-09,2016,4,9,15.4,2.3,8.9,9.1,0,0.7,0,TNNP,,3.85,1381.15
2016-04-10,2016,4,10,13.4,-1.1,6.2,11.8,0,14.2,,TNNP,,1.15,1382.3
2016-04-11,2016,4,11,6,-4.7,0.7,17.3,0,0,,TNNP,,0,1382.3
2016-04-12,2016,4,12,7.1,-5.4,0.9,17.1,0,0.6,,TNNP,,0,1382.3
2016-04-13,2016,4,13,14.8,0.9,7.9,10.1,0,0,,TNNP,,2.85,1385.15
2016-04-14,2016,4,14,12.3,2.9,7.6,10.4,0,2.6,,TNNP,,2.6,1387.75
2016-04-15,2016,4,15,3.5,-0.5,1.5,16.5,0,3.9,,TNNP,,0,1387.75
2016-04-16,2016,4,16,1.8,-2.2,-0.2,18.2,0,0.6,,TNNP,,0,1387.75
2016-04-17,2016,4,17,10.8,-2.5,4.2,13.8,0,0,,TNNP,,0,1387.75
2016-04-18,2016,4,18,2.6,-5.5,-1.5,19.5,0,0.7,,TNNP,,0,1387.75
2016-04-19,2016,4,19,3.6,-7.2,-1.8,19.8,0,0,0,TNNP,,0,1387.75
2016-04-20,2016,4,20,-0.7,-4.4,-2.6,20.6,0,25.8,,TNNP,,0,1387.75
2016-04-21,2016,4,21,3.2,-2,0.6,17.4,0,4.6,8,TNNP,,0,1387.75
2016-04-22,2016,4,22,4.4,0.4,2.4,15.6,0,10.1,0,TNNP,,0,1387.75
2016-04-23,2016,4,23,9.4,-1.4,4,14,0,0.6,0,TNNP,,0,1387.75
2016-04-24,2016,4,24,15.2,-1.3,7,11,0,0.6,0,TNNP,,1.95,1389.7
2016-04-25,2016,4,25,7.5,-4.9,1.3,16.7,0,0.6,0,TNNP,,0,1389.7
2016-04-26,2016,4,26,4.3,-5.7,-0.7,18.7,0,0.6,0,TNNP,,0,1389.7
2016-04-27,2016,4,27,4.9,-2.9,1,17,0,7.7,1,TNNP,,0,1389.7
2016-04-28,2016,4,28,4.8,-4.2,0.3,17.7,0,6.5,0,TNNP,,0,1389.7
2016-04-29,2016,4,29,4.8,-3.9,0.5,17.5,0,1.4,0,TNNP,,0,1389.7
2016-04-30,2016,4,30,11,-1.6,4.7,13.3,0,0,0,TNNP,,0,1389.7
2016-05-01,2016,5,1,11.3,-1,5.2,12.8,0,0.6,,TNNP,,0.15,1389.85
2016-05-02,2016,5,2,10.4,1.3,5.9,12.1,0,0,,TNNP,,0.85,1390.7
2016-05-03,2016,5,3,14,-0.1,7,11,0,6.8,,TNNP,,1.95,1392.65
2016-05-04,2016,5,4,6.9,0.7,3.8,14.2,0,0.7,,TNNP,,0,1392.65
2016-05-05,2016,5,5,6,0.2,3.1,14.9,0,14.4,,TNNP,,0,1392.65
2016-05-06,2016,5,6,8,0.4,4.2,13.8,0,20.9,,TNNP,,0,1392.65
2016-05-07,2016,5,7,14.2,1.8,8,10,0,0.6,,TNNP,,3,1395.65
2016-05-08,2016,5,8,16.2,7.1,11.7,6.3,0,14.2,,TNNP,,6.65,1402.3
2016-05-09,2016,5,9,15.1,0.7,7.9,10.1,0,0,,TNNP,,2.9,1405.2
2016-05-10,2016,5,10,9.3,0.3,4.8,13.2,0,0,,TNNP,,0,1405.2
2016-05-11,2016,5,11,10,-0.6,4.7,13.3,0,2.3,,TNNP,,0,1405.2
2016-05-12,2016,5,12,4,-0.9,1.6,16.4,0,2.7,,TNNP,,0,1405.2
2016-05-13,2016,5,13,9.1,-0.7,4.2,13.8,0,0.6,,TNNP,,0,1405.2
2016-05-14,2016,5,14,11.1,-0.1,5.5,12.5,0,0,,TNNP,,0.5,1405.7
2016-05-15,2016,5,15,12.9,0.3,6.6,11.4,0,0,,TNNP,,1.6,1407.3
2016-05-16,2016,5,16,15.5,1.3,8.4,9.6,0,0,,TNNP,,3.4,1410.7
2016-05-17,2016,5,17,10.4,3.1,6.8,11.2,0,3.7,,TNNP,,1.75,1412.45
2016-05-18,2016,5,18,11.5,3.6,7.6,10.4,0,1.3,,TNNP,,2.55,1415
2016-05-19,2016,5,19,17.7,3.4,10.6,7.4,0,0,,TNNP,,5.55,1420.55
2016-05-20,2016,5,20,21.6,4.1,12.9,5.1,0,0,,TNNP,,7.85,1428.4
2016-05-21,2016,5,21,25.1,3,14.1,3.9,0,3.4,,TNNP,,9.05,1437.45
2016-05-22,2016,5,22,11.5,1.7,6.6,11.4,0,0.9,,TNNP,,1.6,1439.05
2016-05-23,2016,5,23,21.8,1.8,11.8,6.2,0,0,,TNNP,,6.8,1445.85
2016-05-24,2016,5,24,23.9,9.5,16.7,1.3,0,0,,TNNP,,11.7,1457.55
2016-05-25,2016,5,25,23,6.9,15,3,0,12.2,,TNNP,,9.95,1467.5
2016-05-26,2016,5,26,7,2.2,4.6,13.4,0,3.1,,TNNP,,0,1467.5
2016-05-27,2016,5,27,9.4,1.4,5.4,12.6,0,0,,TNNP,,0.4,1467.9
2016-05-28,2016,5,28,5,0.9,3,15,0,9.6,,TNNP,,0,1467.9
2016-05-29,2016,5,29,10,0.5,5.3,12.7,0,0,,TNNP,,0.25,1468.15
2016-05-30,2016,5,30,18.2,2.1,10.2,7.8,0,7.6,,TNNP,,5.15,1473.3
2016-05-31,2016,5,31,18.9,5.2,12.1,5.9,0,0,,TNNP,,7.05,1480.35
2016-06-01,2016,6,1,12,-1.5,5.3,12.7,0,0.7,,TNNP,,0.25,1480.6
2016-06-02,2016,6,2,11.9,-1.3,5.3,12.7,0,0,,TNNP,,0.3,1480.9
2016-06-03,2016,6,3,15.9,0.4,8.2,9.8,0,0,,TNNP,,3.15,1484.05
2016-06-04,2016,6,4,11.4,3.2,7.3,10.7,0,0,,TNNP,,2.3,1486.35
2016-06-05,2016,6,5,14.8,2.3,8.6,9.4,0,0,,TNNP,,3.55,1489.9
2016-06-06,2016,6,6,14,2.3,8.2,9.8,0,0,,TNNP,,3.15,1493.05
2016-06-07,2016,6,7,18.2,2.9,10.6,7.4,0,0,,TNNP,,5.55,1498.6
2016-06-08,2016,6,8,13.3,2.9,8.1,9.9,0,4.8,,TNNP,,3.1,1501.7
2016-06-09,2016,6,9,8.4,2.8,5.6,12.4,0,13.3,,TNNP,,0.6,1502.3
2016-06-10,2016,6,10,7,3.3,5.2,12.8,0,0.7,,TNNP,,0.15,1502.45
2016-06-11,2016,6,11,17.2,3.2,10.2,7.8,0,0,,TNNP,,5.2,1507.65
2016-06-12,2016,6,12,14.2,3.5,8.9,9.1,0,0.6,,TNNP,,3.85,1511.5
2016-06-13,2016,6,13,10.5,4.1,7.3,10.7,0,18,,TNNP,,2.3,1513.8
2016-06-14,2016,6,14,15.7,10.5,13.1,4.9,0,5.8,,TNNP,,8.1,1521.9
2016-06-15,2016,6,15,14.6,7,10.8,7.2,0,8.6,,TNNP,,5.8,1527.7
2016-06-16,2016,6,16,11.8,5.6,8.7,9.3,0,1.8,,TNNP,,3.7,1531.4
2016-06-17,2016,6,17,12.1,3,7.6,10.4,0,0.6,,TNNP,,2.55,1533.95
2016-06-18,2016,6,18,11,2.8,6.9,11.1,0,0,,TNNP,,1.9,1535.85
2016-06-19,2016,6,19,27.2,4.9,16.1,1.9,0,0,,TNNP,,11.05,1546.9
2016-06-20,2016,6,20,27.7,12.2,20,0,2,0,,TNNP,,14.95,1561.85
2016-06-21,2016,6,21,24.5,10.6,17.6,0.4,0,0,,TNNP,,12.55,1574.4
2016-06-22,2016,6,22,21.8,10.8,16.3,1.7,0,3.7,,TNNP,,11.3,1585.7
2016-06-23,2016,6,23,21,10.1,15.6,2.4,0,0.8,,TNNP,,10.55,1596.25
2016-06-24,2016,6,24,21.8,9.6,15.7,2.3,0,1.8,,TNNP,,10.7,1606.95
2016-06-25,2016,6,25,24,8.4,16.2,1.8,0,0,,TNNP,,11.2,1618.15
2016-06-26,2016,6,26,26.9,9.9,18.4,0,0.4,0,,TNNP,,13.4,1631.55
2016-06-27,2016,6,27,24.7,11.5,18.1,0,0.1,0,,TNNP,,13.1,1644.65
2016-06-28,2016,6,28,26.7,11.4,19.1,0,1.1,0,,TNNP,,14.05,1658.7
2016-06-29,2016,6,29,25.1,15.1,20.1,0,2.1,6.9,,TNNP,,15.1,1673.8
2016-06-30,2016,6,30,23.6,14.9,19.3,0,1.3,16.9,,TNNP,,14.25,1688.05
2016-07-01,2016,7,1,24.4,9.8,17.1,0.9,0,0,,TNNP,,12.1,1700.15
2016-07-02,2016,7,2,18.9,8.6,13.8,4.2,0,0,,TNNP,,8.75,1708.9
2016-07-03,2016,7,3,15.9,9.5,12.7,5.3,0,6.9,,TNNP,,7.7,1716.6
2016-07-04,2016,7,4,18.2,9.1,13.7,4.3,0,1.8,,TNNP,,8.65,1725.25
2016-07-05,2016,7,5,22.9,7.1,15,3,0,0.6,,TNNP,,10,1735.25
2016-07-06,2016,7,6,7.8,6.2,7,11,0,26.3,,TNNP,,2,1737.25
2016-07-07,2016,7,7,12.9,3.6,8.3,9.7,0,2.1,,TNNP,,3.25,1740.5
2016-07-08,2016,7,8,17.3,4,10.7,7.3,0,0,,TNNP,,5.65,1746.15
2016-07-09,2016,7,9,20.4,5.6,13,5,0,0,,TNNP,,8,1754.15
2016-07-10,2016,7,10,15.6,5.6,10.6,7.4,0,0,,TNNP,,5.6,1759.75
2016-07-11,2016,7,11,9.8,6.6,8.2,9.8,0,32,,TNNP,,3.2,1762.95
2016-07-12,2016,7,12,10.7,7.1,8.9,9.1,0,11.2,,TNNP,,3.9,1766.85
2016-07-13,2016,7,13,14.2,5.7,10,8,0,0,,TNNP,,4.95,1771.8
2016-07-14,2016,7,14,17.9,6.9,12.4,5.6,0,0,,TNNP,,7.4,1779.2
2016-07-15,2016,7,15,22.2,13.7,18,0,0,0,,TNNP,,12.95,1792.15
2016-07-16,2016,7,16,30.4,14.1,22.3,0,4.3,14.1,,TNNP,,17.25,1809.4
2016-07-17,2016,7,17,24.8,12.8,18.8,0,0.8,0,,TNNP,,13.8,1823.2
2016-07-18,2016,7,18,25.3,13.5,19.4,0,1.4,0,,TNNP,,14.4,1837.6
2016-07-19,2016,7,19,26.4,12.5,19.5,0,1.5,0,,TNNP,,14.45,1852.05
2016-07-20,2016,7,20,21.2,11.1,16.2,1.8,0,0,,TNNP,,11.15,1863.2
2016-07-21,2016,7,21,23.2,11.2,17.2,0.8,0,0,,TNNP,,12.2,1875.4
2016-07-22,2016,7,22,27.2,10.2,18.7,0,0.7,0,,TNNP,,13.7,1889.1
2016-07-23,2016,7,23,25.6,15.9,20.8,0,2.8,0,,TNNP,,15.75,1904.85
2016-07-24,2016,7,24,25.9,11.9,18.9,0,0.9,3.7,,TNNP,,13.9,1918.75
2016-07-25,2016,7,25,24.3,12.9,18.6,0,0.6,0,,TNNP,,13.6,1932.35
2016-07-26,2016,7,26,26.1,13.3,19.7,0,1.7,0,,TNNP,,14.7,1947.05
2016-07-27,2016,7,27,24.5,13.7,19.1,0,1.1,0,,TNNP,,14.1,1961.15
2016-07-28,2016,7,28,27.3,17.1,22.2,0,4.2,0,,TNNP,,17.2,1978.35
2016-07-29,2016,7,29,27.9,15.9,21.9,0,3.9,0,,TNNP,,16.9,1995.25
2016-07-30,2016,7,30,25.7,14.3,20,0,2,1.2,,TNNP,,15,2010.25
2016-07-31,2016,7,31,21.6,12.9,17.3,0.7,0,2.7,,TNNP,,12.25,2022.5
2016-08-01,2016,8,1,22.2,9.9,16.1,1.9,0,0,,TNNP,,11.05,2033.55
2016-08-02,2016,8,2,14.7,6.4,10.6,7.4,0,0,,TNNP,,5.55,2039.1
2016-08-03,2016,8,3,17.8,7.5,12.7,5.3,0,0,,TNNP,,7.65,2046.75
2016-08-04,2016,8,4,23.1,9.7,16.4,1.6,0,0,,TNNP,,11.4,2058.15
2016-08-05,2016,8,5,26.4,14.4,20.4,0,2.4,1.4,,TNNP,,15.4,2073.55
2016-08-06,2016,8,6,25.4,16.1,20.8,0,2.8,7.3,,TNNP,,15.75,2089.3
2016-08-07,2016,8,7,21.4,15.6,18.5,0,0.5,1.9,,TNNP,,13.5,2102.8
2016-08-08,2016,8,8,27.2,13.6,20.4,0,2.4,0.6,,TNNP,,15.4,2118.2
2016-08-09,2016,8,9,25.9,11.4,18.7,0,0.7,2,,TNNP,,13.65,2131.85
2016-08-10,2016,8,10,26.1,11.3,18.7,0,0.7,0,,TNNP,,13.7,2145.55
2016-08-11,2016,8,11,26.7,14.1,20.4,0,2.4,0,,TNNP,,15.4,2160.95
2016-08-12,2016,8,12,22.6,10.4,16.5,1.5,0,0,,TNNP,,11.5,2172.45
2016-08-13,2016,8,13,20.5,9.9,15.2,2.8,0,0,,TNNP,,10.2,2182.65
2016-08-14,2016,8,14,23.8,9.1,16.5,1.5,0,0,,TNNP,,11.45,2194.1
2016-08-15,2016,8,15,23,11.2,17.1,0.9,0,0,,TNNP,,12.1,2206.2
2016-08-16,2016,8,16,22.4,12.5,17.5,0.5,0,4.2,,TNNP,,12.45,2218.65
2016-08-17,2016,8,17,28.2,11.5,19.9,0,1.9,0,,TNNP,,14.85,2233.5
2016-08-18,2016,8,18,23.4,11.8,17.6,0.4,0,0,,TNNP,,12.6,2246.1
2016-08-19,2016,8,19,17.7,8.8,13.3,4.7,0,0,,TNNP,,8.25,2254.35
2016-08-20,2016,8,20,19.3,8.7,14,4,0,0,,TNNP,,9,2263.35
2016-08-21,2016,8,21,22.4,10.6,16.5,1.5,0,0,,TNNP,,11.5,2274.85
2016-08-22,2016,8,22,26.3,13.2,19.8,0,1.8,0.8,,TNNP,,14.75,2289.6
2016-08-23,2016,8,23,24.1,12.9,18.5,0,0.5,9.2,,TNNP,,13.5,2303.1
2016-08-24,2016,8,24,25.9,11.4,18.7,0,0.7,7.2,,TNNP,,13.65,2316.75
2016-08-25,2016,8,25,26.7,13.6,20.2,0,2.2,0,,TNNP,,15.15,2331.9
2016-08-26,2016,8,26,20,16.3,18.2,0,0.2,17.7,,TNNP,,13.15,2345.05
2016-08-27,2016,8,27,16.9,8.5,12.7,5.3,0,17.3,,TNNP,,7.7,2352.75
2016-08-28,2016,8,28,19.6,8.6,14.1,3.9,0,0,,TNNP,,9.1,2361.85
2016-08-29,2016,8,29,19.3,9.4,14.4,3.6,0,6.9,,TNNP,,9.35,2371.2
2016-08-30,2016,8,30,14.6,6,10.3,7.7,0,9.6,,TNNP,,5.3,2376.5
2016-08-31,2016,8,31,18.6,5.4,12,6,0,1,,TNNP,,7,2383.5
2016-09-01,2016,9,1,17.6,5.8,11.7,6.3,0,0.7,,TNNP,,6.7,2390.2
2016-09-02,2016,9,2,14.7,5,9.9,8.1,0,0,,TNNP,,4.85,2395.05
2016-09-03,2016,9,3,14,4,9,9,0,0.6,,TNNP,,4,2399.05
2016-09-04,2016,9,4,14.5,3.5,9,9,0,0.6,,TNNP,,4,2403.05
2016-09-05,2016,9,5,25.9,6.5,16.2,1.8,0,0,,TNNP,,11.2,2414.25
2016-09-06,2016,9,6,26.3,11.7,19,0,1,0,,TNNP,,14,2428.25
2016-09-07,2016,9,7,25.1,17.6,21.4,0,3.4,0,,TNNP,,16.35,2444.6
2016-09-08,2016,9,8,19,9.1,14.1,3.9,0,11.2,,TNNP,,9.05,2453.65
2016-09-09,2016,9,9,15.8,9.2,12.5,5.5,0,17.8,,TNNP,,7.5,2461.15
2016-09-10,2016,9,10,16.4,4.1,10.3,7.7,0,2,,TNNP,,5.25,2466.4
2016-09-11,2016,9,11,16.8,3.6,10.2,7.8,0,0,,TNNP,,5.2,2471.6
2016-09-12,2016,9,12,19.6,9.5,14.6,3.4,0,0.6,,TNNP,,9.55,2481.15
2016-09-13,2016,9,13,24.1,8.8,16.5,1.5,0,0,,TNNP,,11.45,2492.6
2016-09-14,2016,9,14,24,12.9,18.5,0,0.5,0,,TNNP,,13.45,2506.05
2016-09-15,2016,9,15,15,3.1,9.1,8.9,0,1.8,,TNNP,,4.05,2510.1
2016-09-16,2016,9,16,18.4,2.6,10.5,7.5,0,0,,TNNP,,5.5,2515.6
2016-09-17,2016,9,17,19.8,7.5,13.7,4.3,0,0,,TNNP,,8.65,2524.25
2016-09-18,2016,9,18,16.2,9.3,12.8,5.2,0,18.7,,TNNP,,7.75,2532
2016-09-19,2016,9,19,9.3,4.7,7,11,0,1.8,,TNNP,,2,2534
2016-09-20,2016,9,20,11.6,5.2,8.4,9.6,0,0,,TNNP,,3.4,2537.4
2016-09-21,2016,9,21,21.3,9.5,15.4,2.6,0,0,,TNNP,,10.4,2547.8
2016-09-22,2016,9,22,20.4,8,14.2,3.8,0,0,,TNNP,,9.2,2557
2016-09-23,2016,9,23,13.9,7.9,10.9,7.1,0,5.6,,TNNP,,5.9,2562.9
2016-09-24,2016,9,24,11.6,3.2,7.4,10.6,0,5.7,,TNNP,,2.4,2565.3
2016-09-25,2016,9,25,13.7,1.7,7.7,10.3,0,0.7,,TNNP,,2.7,2568
2016-09-26,2016,9,26,9.7,3.2,6.5,11.5,0,4,,TNNP,,1.45,2569.45
2016-09-27,2016,9,27,11.1,1.7,6.4,11.6,0,2.2,,TNNP,,1.4,2570.85
2016-09-28,2016,9,28,11.4,2.9,7.2,10.8,0,0,,TNNP,,2.15,2573
2016-09-29,2016,9,29,7.6,1.7,4.7,13.3,0,43.5,,TNNP,,0,2573
2016-09-30,2016,9,30,15.9,2.9,9.4,8.6,0,0,,TNNP,,4.4,2577.4
2016-10-01,2016,10,1,18.3,2.7,10.5,7.5,0,0,,TNNP,,5.5,2582.9
2016-10-02,2016,10,2,15.7,1.5,8.6,9.4,0,0.6,,TNNP,,3.6,2586.5
2016-10-03,2016,10,3,10.5,-0.2,5.2,12.8,0,1.2,,TNNP,,0.15,2586.65
2016-10-04,2016,10,4,13.1,-0.1,6.5,11.5,0,0,,TNNP,,1.5,2588.15
2016-10-05,2016,10,5,19.9,5.8,12.9,5.1,0,0,,TNNP,,7.85,2596
2016-10-06,2016,10,6,21.6,5.6,13.6,4.4,0,0,,TNNP,,8.6,2604.6
2016-10-07,2016,10,7,21.2,0.4,10.8,7.2,0,0,,TNNP,,5.8,2610.4
2016-10-08,2016,10,8,12.6,0.4,6.5,11.5,0,0,,TNNP,,1.5,2611.9
2016-10-09,2016,10,9,13.7,7.2,10.5,7.5,0,0,,TNNP,,5.45,2617.35
2016-10-10,2016,10,10,17.6,5.1,11.4,6.6,0,73.6,,TNNP,,6.35,2623.7
2016-10-11,2016,10,11,5.1,-0.7,2.2,15.8,0,2.1,,TNNP,,0,2623.7
2016-10-12,2016,10,12,16.9,-0.6,8.2,9.8,0,0,0,TNNP,,3.15,2626.85
2016-10-13,2016,10,13,16.5,4,10.3,7.7,0,0,,TNNP,,5.25,2632.1
2016-10-14,2016,10,14,14.7,6.1,10.4,7.6,0,0,0,TNNP,,5.4,2637.5
2016-10-15,2016,10,15,7.6,-1.1,3.3,14.7,0,0.6,,TNNP,,0,2637.5
2016-10-16,2016,10,16,10.7,-1.7,4.5,13.5,0,0,,TNNP,,0,2637.5
2016-10-17,2016,10,17,8.7,1.7,5.2,12.8,0,1.4,,TNNP,,0.2,2637.7
2016-10-18,2016,10,18,5.8,-0.9,2.5,15.5,0,0,,TNNP,,0,2637.7
2016-10-19,2016,10,19,12.5,-1.5,5.5,12.5,0,0.9,,TNNP,,0.5,2638.2
2016-10-20,2016,10,20,9.1,-2.1,3.5,14.5,0,0.6,,TNNP,,0,2638.2
2016-10-21,2016,10,21,8.4,-2,3.2,14.8,0,0.6,2,TNNP,,0,2638.2
2016-10-22,2016,10,22,17.7,5.8,11.8,6.2,0,28.5,,TNNP,,6.75,2644.95
2016-10-23,2016,10,23,17.3,9.2,13.3,4.7,0,3.6,,TNNP,,8.25,2653.2
2016-10-24,2016,10,24,10.8,3.7,7.3,10.7,0,3.9,,TNNP,,2.25,2655.45
2016-10-25,2016,10,25,11.5,1.9,6.7,11.3,0,0.6,,TNNP,,1.7,2657.15
2016-10-26,2016,10,26,3.6,0.7,2.2,15.8,0,4.4,,TNNP,,0,2657.15
2016-10-27,2016,10,27,3.3,-1.1,1.1,16.9,0,3.6,,TNNP,,0,2657.15
2016-10-28,2016,10,28,4.8,-3.1,0.9,17.1,0,1.3,,TNNP,,0,2657.15
2016-10-29,2016,10,29,7.5,-3.3,2.1,15.9,0,9,,TNNP,,0,2657.15
2016-10-30,2016,10,30,12.2,3.7,8,10,0,4.9,,TNNP,,2.95,2660.1
2016-10-31,2016,10,31,8.8,2.2,5.5,12.5,0,0.7,,TNNP,,0.5,2660.6
2016-11-01,2016,11,1,5,2,3.5,14.5,0,20.1,,TNNP,,0,2660.6
2016-11-02,2016,11,2,8.1,4.9,6.5,11.5,0,5.5,,TNNP,,1.5,2662.1
2016-11-03,2016,11,3,11,3.3,7.2,10.8,0,3.6,,TNNP,,2.15,2664.25
2016-11-04,2016,11,4,6.9,3,5,13,0,2,,TNNP,,0,2664.25
2016-11-05,2016,11,5,7.3,0.4,3.9,14.1,0,0,,TNNP,,0,2664.25
2016-11-06,2016,11,6,3.3,-1.4,1,17,0,0.6,,TNNP,,0,2664.25
2016-11-07,2016,11,7,7.2,-3.1,2.1,15.9,0,0.7,,TNNP,,0,2664.25
2016-11-08,2016,11,8,10.5,-0.6,5,13,0,0,,TNNP,,0,2664.25
2016-11-09,2016,11,9,6,0.6,3.3,14.7,0,0,,TNNP,,0,2664.25
2016-11-10,2016,11,10,4,0.5,2.3,15.7,0,0.7,,TNNP,,0,2664.25
2016-11-11,2016,11,11,8.5,0.8,4.7,13.3,0,0.6,,TNNP,,0,2664.25
2016-11-12,2016,11,12,8.2,-2.3,3,15,0,0.7,,TNNP,,0,2664.25
2016-11-13,2016,11,13,7.2,1.3,4.3,13.7,0,0.6,,TNNP,,0,2664.25
2016-11-14,2016,11,14,10.4,1.8,6.1,11.9,0,0,,TNNP,,1.1,2665.35
2016-11-15,2016,11,15,8.7,0.5,4.6,13.4,0,0,,TNNP,,0,2665.35
2016-11-16,2016,11,16,5.5,1.3,3.4,14.6,0,6.2,,TNNP,,0,2665.35
2016-11-17,2016,11,17,13,4.9,9,9,0,9.1,,TNNP,,3.95,2669.3
2016-11-18,2016,11,18,13,5.5,9.3,8.7,0,14.9,,TNNP,,4.25,2673.55
2016-11-19,2016,11,19,6.4,3.3,4.9,13.1,0,10.4,,TNNP,,0,2673.55
2016-11-20,2016,11,20,14.8,5.8,10.3,7.7,0,15.7,,TNNP,,5.3,2678.85
2016-11-21,2016,11,21,15,11.6,13.3,4.7,0,4,,TNNP,,8.3,2687.15
2016-11-22,2016,11,22,14.5,7.6,11.1,6.9,0,3,,TNNP,,6.05,2693.2
2016-11-23,2016,11,23,7.6,-0.6,3.5,14.5,0,7.6,,TNNP,,0,2693.2
2016-11-24,2016,11,24,1.7,-0.7,0.5,17.5,0,2,,TNNP,,0,2693.2
2016-11-25,2016,11,25,0.1,-3.2,-1.6,19.6,0,0,0,TNNP,,0,2693.2
2016-11-26,2016,11,26,-1.4,-4.3,-2.9,20.9,0,0,0,TNNP,,0,2693.2
2016-11-27,2016,11,27,7.1,-4.8,1.2,16.8,0,13.5,0,TNNP,,0,2693.2
2016-11-28,2016,11,28,6.6,-1.3,2.7,15.3,0,0,0,TNNP,,0,2693.2
2016-11-29,2016,11,29,2.5,-1.8,0.4,17.6,0,0.6,0,TNNP,,0,2693.2
2016-11-30,2016,11,30,1.1,-3.4,-1.2,19.2,0,0.6,0,TNNP,,0,2693.2
2016-12-01,2016,12,1,-1,-4.4,-2.7,20.7,0,0,0,TNNP,,0,2693.2
2016-12-02,2016,12,2,1,-1.1,-0.1,18.1,0,10.6,0,TNNP,,0,2693.2
2016-12-03,2016,12,3,1.1,-0.9,0.1,17.9,0,8.7,0,TNNP,,0,2693.2
2016-12-04,2016,12,4,-0.1,-5.7,-2.9,20.9,0,4.6,0,TNNP,,0,2693.2
2016-12-05,2016,12,5,-2.2,-8.3,-5.3,23.3,0,0.6,0,TNNP,,0,2693.2
2016-12-06,2016,12,6,-4.4,-7.4,-5.9,23.9,0,0,0,TNNP,,0,2693.2
2016-12-07,2016,12,7,-4.7,-8.8,-6.8,24.8,0,0,1,TNNP,,0,2693.2
2016-12-08,2016,12,8,-0.3,-10.4,-5.4,23.4,0,0.8,1,TNNP,,0,2693.2
2016-12-09,2016,12,9,0.1,-6,-3,21,0,16.9,10,TNNP,,0,2693.2
2016-12-10,2016,12,10,-2.1,-9,-5.6,23.6,0,0.6,12,TNNP,,0,2693.2
2016-12-11,2016,12,11,-7.5,-12.4,-10,28,0,0,11,TNNP,,0,2693.2
2016-12-12,2016,12,12,-7.1,-12.1,-9.6,27.6,0,0,11,TNNP,,0,2693.2
2016-12-13,2016,12,13,-4.6,-10.4,-7.5,25.5,0,12.3,17,TNNP,,0,2693.2
2016-12-14,2016,12,14,-0.7,-13.8,-7.3,25.3,0,2,23,TNNP,,0,2693.2
2016-12-15,2016,12,15,0,-9.4,-4.7,22.7,0,11.1,31,TNNP,,0,2693.2
2016-12-16,2016,12,16,-0.7,-10.9,-5.8,23.8,0,5.9,39,TNNP,,0,2693.2
2016-12-17,2016,12,17,-7.7,-12.7,-10.2,28.2,0,0,37,TNNP,,0,2693.2
2016-12-18,2016,12,18,7.6,-8.2,-0.3,18.3,0,12.8,36,TNNP,,0,2693.2
2016-12-19,2016,12,19,5.9,-15.3,-4.7,22.7,0,0,24,TNNP,,0,2693.2
2016-12-20,2016,12,20,-5,-15.4,-10.2,28.2,0,0,23,TNNP,,0,2693.2
2016-12-21,2016,12,21,0.5,-5.8,-2.7,20.7,0,1.3,23,TNNP,,0,2693.2
2016-12-22,2016,12,22,0,-5.8,-2.9,20.9,0,0.6,22,TNNP,,0,2693.2
2016-12-23,2016,12,23,-1.7,-8.3,-5,23,0,0.7,22,TNNP,,0,2693.2
2016-12-24,2016,12,24,1.5,-10.8,-4.7,22.7,0,0.6,22,TNNP,,0,2693.2
2016-12-25,2016,12,25,3.3,-6.1,-1.4,19.4,0,17.3,20,TNNP,,0,2693.2
2016-12-26,2016,12,26,-6.1,-15.9,-11,29,0,0.7,26,TNNP,,0,2693.2
2016-12-27,2016,12,27,1.6,-15.2,-6.8,24.8,0,5.1,23,TNNP,,0,2693.2
2016-12-28,2016,12,28,-0.1,-7.1,-3.6,21.6,0,0.6,27,TNNP,,0,2693.2
2016-12-29,2016,12,29,-2.4,-8,-5.2,23.2,0,0.7,26,TNNP,,0,2693.2
2016-12-30,2016,12,30,3.6,-8.5,-2.5,20.5,0,8.2,25,TNNP,,0,2693.2
2016-12-31,2016,12,31,1.8,-4.8,-1.5,19.5,0,14.4,21,TNNP,,0,2693.2
2017-01-01,2017,1,1,-1,-8.5,-4.8,22.8,0,3.7,27,TNNP,,0,2693.2
2017-01-02,2017,1,2,1,-3.1,-1.1,19.1,0,13.8,44,TNNP,,0,2693.2
2017-01-03,2017,1,3,-3.1,-7.3,-5.2,23.2,0,0,41,TNNP,,0,2693.2
2017-01-04,2017,1,4,-0.5,-7.4,-4,22,0,4.4,41,TNNP,,0,2693.2
2017-01-05,2017,1,5,4,-2.4,0.8,17.2,0,2.2,40,TNNP,,0,2693.2
2017-01-06,2017,1,6,1.5,,,,,,,TNNP,,0,2693.2
2017-01-07,2017,1,7,-4,-10.9,-7.5,25.5,0,9.5,55,TNNP,,0,2693.2
2017-01-08,2017,1,8,,-10.9,,,,,56,TNNP,,0,2693.2
2017-01-09,2017,1,9,,,,,,,,TNNP,,0,2693.2
2017-01-10,2017,1,10,,,,,,,,TNNP,,0,2693.2
2017-01-11,2017,1,11,,,,,,,,TNNP,,0,2693.2
2017-01-12,2017,1,12,,,,,,,,TNNP,,0,2693.2
2017-01-13,2017,1,13,,,,,,,,TNNP,,0,2693.2
2017-01-14,2017,1,14,,,,,,,,TNNP,,0,2693.2
2017-01-15,2017,1,15,,,,,,,,TNNP,,0,2693.2
2017-01-16,2017,1,16,,,,,,,,TNNP,,0,2693.2
2017-01-17,2017,1,17,,,,,,,,TNNP,,0,2693.2
2017-01-18,2017,1,18,,,,,,,,TNNP,,0,2693.2
2017-01-19,2017,1,19,,,,,,,,TNNP,,0,2693.2
2017-01-20,2017,1,20,,,,,,,,TNNP,,0,2693.2
2017-01-21,2017,1,21,,,,,,,,TNNP,,0,2693.2
2017-01-22,2017,1,22,,,,,,,,TNNP,,0,2693.2
2017-01-23,2017,1,23,,,,,,,,TNNP,,0,2693.2
2017-01-24,2017,1,24,,,,,,,,TNNP,,0,2693.2
2017-01-25,2017,1,25,,,,,,,,TNNP,,0,2693.2
2017-01-26,2017,1,26,,,,,,,,TNNP,,0,2693.2
2017-01-27,2017,1,27,,,,,,,,TNNP,,0,2693.2
2017-01-28,2017,1,28,,,,,,,,TNNP,,0,2693.2
2017-01-29,2017,1,29,,,,,,,,TNNP,,0,2693.2
2017-01-30,2017,1,30,,,,,,,,TNNP,,0,2693.2
2017-01-31,2017,1,31,,,,,,,,TNNP,,0,2693.2
2017-02-01,2017,2,1,-3,-14.3,-8.7,26.7,0,1.2,31,TNNP,,0,2693.2
2017-02-02,2017,2,2,-3.4,-11.1,-7.3,25.3,0,0,32,TNNP,,0,2693.2
2017-02-03,2017,2,3,-1.5,-14.1,-7.8,25.8,0,0.6,31,TNNP,,0,2693.2
2017-02-04,2017,2,4,-7.7,-17.6,-12.7,30.7,0,0.9,32,TNNP,,0,2693.2
2017-02-05,2017,2,5,-10.8,-18.1,-14.5,32.5,0,0,32,TNNP,,0,2693.2
2017-02-06,2017,2,6,-4.3,-13.7,-9,27,0,17,33,TNNP,,0,2693.2
2017-02-07,2017,2,7,-11.1,-19.1,-15.1,33.1,0,0.6,56,TNNP,,0,2693.2
2017-02-08,2017,2,8,-0.3,-21.7,-11,29,0,7.1,52,TNNP,,0,2693.2
2017-02-09,2017,2,9,1.3,-7,-2.9,20.9,0,2.1,50,TNNP,,0,2693.2
2017-02-10,2017,2,10,6.8,-9.5,-1.4,19.4,0,11.3,51,TNNP,,0,2693.2
2017-02-11,2017,2,11,-5.9,-16,-11,29,0,0,48,TNNP,,0,2693.2
2017-02-12,2017,2,12,-5.4,-17.2,-11.3,29.3,0,0.7,47,TNNP,,0,2693.2
2017-02-13,2017,2,13,-4.6,-15.4,-10,28,0,0,47,TNNP,,0,2693.2
2017-02-14,2017,2,14,-2.1,-4.8,-3.5,21.5,0,34.1,46,TNNP,,0,2693.2
2017-02-15,2017,2,15,-1,-3.4,-2.2,20.2,0,17.1,78,TNNP,,0,2693.2
2017-02-16,2017,2,16,0.1,-3.6,-1.8,19.8,0,4.2,75,TNNP,,0,2693.2
2017-02-17,2017,2,17,0.5,-3.4,-1.5,19.5,0,0,76,TNNP,,0,2693.2
2017-02-18,2017,2,18,0.8,-4.9,-2.1,20.1,0,0,73,TNNP,,0,2693.2
2017-02-19,2017,2,19,1.6,-4.3,-1.4,19.4,0,5.5,70,TNNP,,0,2693.2
2017-02-20,2017,2,20,-1.9,-4.5,-3.2,21.2,0,2.6,74,TNNP,,0,2693.2
2017-02-21,2017,2,21,-3.8,-8.6,-6.2,24.2,0,0,73,TNNP,,0,2693.2
2017-02-22,2017,2,22,0.2,-9.4,-4.6,22.6,0,0.6,71,TNNP,,0,2693.2
2017-02-23,2017,2,23,3.7,-7.9,-2.1,20.1,0,0,69,TNNP,,0,2693.2
2017-02-24,2017,2,24,4.8,-2.5,1.2,16.8,0,2.2,68,TNNP,,0,2693.2
2017-02-25,2017,2,25,0,-3.2,-1.6,19.6,0,1.7,66,TNNP,,0,2693.2
2017-02-26,2017,2,26,8.1,-1.2,3.5,14.5,0,2.7,62,TNNP,,0,2693.2
2017-02-27,2017,2,27,0.3,-4.3,-2,20,0,0,51,TNNP,,0,2693.2
2017-02-28,2017,2,28,-1.5,-10,-5.8,23.8,0,0.6,51,TNNP,,0,2693.2
2017-02-29,2017,2,29,,,,,,,,TNNP,,0,2693.2
2017-03-01,2017,3,1,2,-11.8,-4.9,22.9,0,3.6,50,TNNP,,0,2693.2
2017-03-02,2017,3,2,4.3,-2,1.2,16.8,0,5.1,49,TNNP,,0,2693.2
2017-03-03,2017,3,3,1.5,-8.2,-3.4,21.4,0,0,47,TNNP,,0,2693.2
2017-03-04,2017,3,4,-3.9,-12,-8,26,0,0.7,46,TNNP,,0,2693.2
2017-03-05,2017,3,5,-0.9,-12,-6.5,24.5,0,4.7,50,TNNP,,0,2693.2
2017-03-06,2017,3,6,1.8,-5.9,-2.1,20.1,0,2.8,50,TNNP,,0,2693.2
2017-03-07,2017,3,7,2,-6.7,-2.4,20.4,0,0,48,TNNP,,0,2693.2
2017-03-08,2017,3,8,5.3,-8,-1.4,19.4,0,0.6,47,TNNP,,0,2693.2
2017-03-09,2017,3,9,7,-1.1,3,15,0,2.5,47,TNNP,,0,2693.2
2017-03-10,2017,3,10,1.1,-8.2,-3.6,21.6,0,4.3,51,TNNP,,0,2693.2
2017-03-11,2017,3,11,1.4,-13.6,-6.1,24.1,0,17.1,54,TNNP,,0,2693.2
2017-03-12,2017,3,12,-6.8,-14.5,-10.7,28.7,0,0,56,TNNP,,0,2693.2
2017-03-13,2017,3,13,0.5,-7.1,-3.3,21.3,0,0,55,TNNP,,0,2693.2
2017-03-14,2017,3,14,1.2,-7.1,-3,21,0,0,54,TNNP,,0,2693.2
2017-03-15,2017,3,15,5.5,-5.4,0.1,17.9,0,13.5,58,TNNP,,0,2693.2
2017-03-16,2017,3,16,6.7,-1.8,2.5,15.5,0,0.6,51,TNNP,,0,2693.2
2017-03-17,2017,3,17,3.2,-3.1,0.1,17.9,0,0,46,TNNP,,0,2693.2
2017-03-18,2017,3,18,-2.6,-7.8,-5.2,23.2,0,1.2,47,TNNP,,0,2693.2
2017-03-19,2017,3,19,5.5,-11,-2.8,20.8,0,0,46,TNNP,,0,2693.2
2017-03-20,2017,3,20,-1.4,-4.2,-2.8,20.8,0,24.6,45,TNNP,,0,2693.2
2017-03-21,2017,3,21,0.4,-3,-1.3,19.3,0,9.8,69,TNNP,,0,2693.2
2017-03-22,2017,3,22,3.6,-2.8,0.4,17.6,0,6.6,58,TNNP,,0,2693.2
2017-03-23,2017,3,23,2.4,-10.5,-4.1,22.1,0,10.9,65,TNNP,,0,2693.2
2017-03-24,2017,3,24,-5.1,-15,-10.1,28.1,0,0,61,TNNP,,0,2693.2
2017-03-25,2017,3,25,1,-15.2,-7.1,25.1,0,2.2,61,TNNP,,0,2693.2
2017-03-26,2017,3,26,-6.7,-15,-10.9,28.9,0,0,61,TNNP,,0,2693.2
2017-03-27,2017,3,27,-4.4,-16.1,-10.3,28.3,0,0,61,TNNP,,0,2693.2
2017-03-28,2017,3,28,1.7,-8,-3.2,21.2,0,0,60,TNNP,,0,2693.2
2017-03-29,2017,3,29,3.8,-3.4,0.2,17.8,0,0,58,TNNP,,0,2693.2
2017-03-30,2017,3,30,0.1,-2.1,-1,19,0,11.9,55,TNNP,,0,2693.2
2017-03-31,2017,3,31,0.3,-1.8,-0.8,18.8,0,43.1,62,TNNP,,0,2693.2
2017-04-01,2017,4,1,-1.3,-4.2,-2.8,20.8,0,10.6,67,TNNP,,0,2693.2
2017-04-02,2017,4,2,-2.1,-4.5,-3.3,21.3,0,0.8,69,TNNP,,0,2693.2
2017-04-03,2017,4,3,-0.8,-2.7,-1.8,19.8,0,49.1,80,TNNP,,0,2693.2
2017-04-04,2017,4,4,-1,-3.1,-2.1,20.1,0,13.7,87,TNNP,,0,2693.2
2017-04-05,2017,4,5,-0.8,-6.2,-3.5,21.5,0,0,86,TNNP,,0,2693.2
2017-04-06,2017,4,6,2,-7.5,-2.8,20.8,0,0,84,TNNP,,0,2693.2
2017-04-07,2017,4,7,2.3,-4.2,-1,19,0,3.1,82,TNNP,,0,2693.2
2017-04-08,2017,4,8,8.3,2.1,5.2,12.8,0,13.1,75,TNNP,,0.2,2693.4
2017-04-09,2017,4,9,6.3,0.8,3.6,14.4,0,0.6,65,TNNP,,0,2693.4
2017-04-10,2017,4,10,7.5,-1.3,3.1,14.9,0,0,60,TNNP,,0,2693.4
2017-04-11,2017,4,11,9.7,-1.7,4,14,0,0,56,TNNP,,0,2693.4
2017-04-12,2017,4,12,1.2,-1.6,-0.2,18.2,0,0,50,TNNP,,0,2693.4
2017-04-13,2017,4,13,4.5,-1.6,1.5,16.5,0,0,49,TNNP,,0,2693.4
2017-04-14,2017,4,14,4.3,-2.7,0.8,17.2,0,0,46,TNNP,,0,2693.4
2017-04-15,2017,4,15,4,-4.8,-0.4,18.4,0,0,44,TNNP,,0,2693.4
2017-04-16,2017,4,16,8.2,-5.1,1.6,16.4,0,3.3,42,TNNP,,0,2693.4
2017-04-17,2017,4,17,3.4,-7.3,-2,20,0,14.2,37,TNNP,,0,2693.4
2017-04-18,2017,4,18,-3,-7.9,-5.5,23.5,0,0.6,37,TNNP,,0,2693.4
2017-04-19,2017,4,19,2.5,-7.6,-2.6,20.6,0,0,37,TNNP,,0,2693.4
2017-04-20,2017,4,20,3.9,-8.3,-2.2,20.2,0,1.5,36,TNNP,,0,2693.4
2017-04-21,2017,4,21,2,-2,0,18,0,5.5,37,TNNP,,0,2693.4
2017-04-22,2017,4,22,2.4,-1.9,0.3,17.7,0,1.9,33,TNNP,,0,2693.4
2017-04-23,2017,4,23,0.8,-3.6,-1.4,19.4,0,8.8,32,TNNP,,0,2693.4
2017-04-24,2017,4,24,8.8,-4,2.4,15.6,0,0.6,37,TNNP,,0,2693.4
2017-04-25,2017,4,25,5,-4.1,0.5,17.5,0,0,25,TNNP,,0,2693.4
2017-04-26,2017,4,26,9,-4.6,2.2,15.8,0,0.7,22,TNNP,,0,2693.4
2017-04-27,2017,4,27,6.6,-1.8,2.4,15.6,0,14.3,14,TNNP,,0,2693.4
2017-04-28,2017,4,28,5.7,-1,2.4,15.6,0,18.5,14,TNNP,,0,2693.4
2017-04-29,2017,4,29,14.9,4.3,9.6,8.4,0,0,4,TNNP,,4.6,2698
2017-04-30,2017,4,30,5.8,-4.1,0.9,17.1,0,0.6,,TNNP,,0,2698
2017-05-01,2017,5,1,4.2,-5.3,-0.6,18.6,0,0,,TNNP,,0,2698
2017-05-02,2017,5,2,5.8,-5.9,-0.1,18.1,0,4.3,,TNNP,,0,2698
2017-05-03,2017,5,3,11.6,-1,5.3,12.7,0,4.1,,TNNP,,0.3,2698.3
2017-05-04,2017,5,4,12,1.1,6.6,11.4,0,0,,TNNP,,1.55,2699.85
2017-05-05,2017,5,5,12.7,-0.8,6,12,0,0,,TNNP,,0.95,2700.8
2017-05-06,2017,5,6,11.9,-2.3,4.8,13.2,0,0,,TNNP,,0,2700.8
2017-05-07,2017,5,7,10.4,-2,4.2,13.8,0,0,,TNNP,,0,2700.8
2017-05-08,2017,5,8,6.6,0.7,3.7,14.3,0,,,TNNP,,0,2700.8
2017-05-09,2017,5,9,5.6,0.8,3.2,14.8,0,0.6,,TNNP,,0,2700.8
2017-05-10,2017,5,10,6.9,0.8,3.9,14.1,0,0.6,,TNNP,,0,2700.8
2017-05-11,2017,5,11,4.7,0.5,2.6,15.4,0,0.6,,TNNP,,0,2700.8
2017-05-12,2017,5,12,7.4,-1.4,3,15,0,0.6,,TNNP,,0,2700.8
2017-05-13,2017,5,13,8.3,-1.5,3.4,14.6,0,0,,TNNP,,0,2700.8
2017-05-14,2017,5,14,14.4,-1.7,6.4,11.6,0,0,,TNNP,,1.35,2702.15
2017-05-15,2017,5,15,17.7,-2,7.9,10.1,0,3.4,,TNNP,,2.85,2705
2017-05-16,2017,5,16,12.9,1.6,7.3,10.7,0,0.6,,TNNP,,2.25,2707.25
2017-05-17,2017,5,17,9.9,2.8,6.4,11.6,0,3,,TNNP,,1.35,2708.6
2017-05-18,2017,5,18,12.3,-0.2,6.1,11.9,0,0.6,,TNNP,,1.05,2709.65
2017-05-19,2017,5,19,11.2,-0.2,5.5,12.5,0,0.6,,TNNP,,0.5,2710.15
2017-05-20,2017,5,20,5.7,-0.2,2.8,15.2,0,16.1,,TNNP,,0,2710.15
2017-05-21,2017,5,21,3.3,-0.2,1.6,16.4,0,14.3,,TNNP,,0,2710.15
2017-05-22,2017,5,22,5,-1.4,1.8,16.2,0,0.6,,TNNP,,0,2710.15
2017-05-23,2017,5,23,10.7,-1.3,4.7,13.3,0,0,,TNNP,,0,2710.15
2017-05-24,2017,5,24,13.2,0.9,7.1,10.9,0,0.7,,TNNP,,2.05,2712.2
2017-05-25,2017,5,25,10,-1.2,4.4,13.6,0,0,,TNNP,,0,2712.2
2017-05-26,2017,5,26,16.8,-1,7.9,10.1,0,0,,TNNP,,2.9,2715.1
2017-05-27,2017,5,27,4.6,-1.9,1.4,16.6,0,0,,TNNP,,0,2715.1
2017-05-28,2017,5,28,9.4,-1.3,4.1,13.9,0,0.6,,TNNP,,0,2715.1
2017-05-29,2017,5,29,4.8,1.3,3.1,14.9,0,2.5,,TNNP,,0,2715.1
2017-05-30,2017,5,30,18.7,1.1,9.9,8.1,0,0,,TNNP,,4.9,2720
2017-05-31,2017,5,31,20.2,3.6,11.9,6.1,0,0,,TNNP,,6.9,2726.9
2017-06-01,2017,6,1,14.9,6.9,10.9,7.1,0,2,,TNNP,,5.9,2732.8
2017-06-02,2017,6,2,14,4.5,9.3,8.7,0,6.6,,TNNP,,4.25,2737.05
2017-06-03,2017,6,3,13.1,4.3,8.7,9.3,0,1.3,,TNNP,,3.7,2740.75
2017-06-04,2017,6,4,9.3,2.8,6.1,11.9,0,0.6,,TNNP,,1.05,2741.8
2017-06-05,2017,6,5,5.9,1.7,3.8,14.2,0,16.3,,TNNP,,0,2741.8
2017-06-06,2017,6,6,12.8,1.1,7,11,0,0,,TNNP,,1.95,2743.75
2017-06-07,2017,6,7,18.5,0,9.3,8.7,0,0,,TNNP,,4.25,2748
2017-06-08,2017,6,8,17.9,0,9,9,0,0,,TNNP,,3.95,2751.95
2017-06-09,2017,6,9,25.1,7.2,16.2,1.8,0,0.7,,TNNP,,11.15,2763.1
2017-06-10,2017,6,10,19.1,7.8,13.5,4.5,0,2.2,,TNNP,,8.45,2771.55
2017-06-11,2017,6,11,23.5,7.8,15.7,2.3,0,1.9,,TNNP,,10.65,2782.2
2017-06-12,2017,6,12,20.9,4.8,12.9,5.1,0,0,,TNNP,,7.85,2790.05
2017-06-13,2017,6,13,15.2,4.3,9.8,8.2,0,5.9,,TNNP,,4.75,2794.8
2017-06-14,2017,6,14,10.8,2.2,6.5,11.5,0,0.7,,TNNP,,1.5,2796.3
2017-06-15,2017,6,15,14,0.5,7.3,10.7,0,0,,TNNP,,2.25,2798.55
2017-06-16,2017,6,16,16.3,0.2,8.3,9.7,0,0,,TNNP,,3.25,2801.8
2017-06-17,2017,6,17,21,5.2,13.1,4.9,0,0,,TNNP,,8.1,2809.9
2017-06-18,2017,6,18,18.1,7.5,12.8,5.2,0,0.7,,TNNP,,7.8,2817.7
2017-06-19,2017,6,19,27.8,11.2,19.5,0,1.5,0,,TNNP,,14.5,2832.2
2017-06-20,2017,6,20,29.4,13.7,21.6,0,3.6,0,,TNNP,,16.55,2848.75
2017-06-21,2017,6,21,24.6,11.6,18.1,0,0.1,0,,TNNP,,13.1,2861.85
2017-06-22,2017,6,22,24.2,9.9,17.1,0.9,0,0,,TNNP,,12.05,2873.9
2017-06-23,2017,6,23,19.4,6.8,13.1,4.9,0,3,,TNNP,,8.1,2882
2017-06-24,2017,6,24,14.4,6.2,10.3,7.7,0,15.2,,TNNP,,5.3,2887.3
2017-06-25,2017,6,25,27.1,13.4,20.3,0,2.3,0,,TNNP,,15.25,2902.55
2017-06-26,2017,6,26,26.1,11.3,18.7,0,0.7,0,,TNNP,,13.7,2916.25
2017-06-27,2017,6,27,26.7,10,18.4,0,0.4,0,,TNNP,,13.35,2929.6
2017-06-28,2017,6,28,17.1,8.9,13,5,0,17.1,,TNNP,,8,2937.6
2017-06-29,2017,6,29,20.1,10.4,15.3,2.7,0,0,,TNNP,,10.25,2947.85
2017-06-30,2017,6,30,22.8,10.6,16.7,1.3,0,0.8,,TNNP,,11.7,2959.55
2017-07-01,2017,7,1,12.5,6.8,9.7,8.3,0,4.9,,TNNP,,4.65,2964.2
2017-07-02,2017,7,2,14,6.7,10.4,7.6,0,5.8,,TNNP,,5.35,2969.55
2017-07-03,2017,7,3,25.9,13.4,19.7,0,1.7,0,,TNNP,,14.65,2984.2
2017-07-04,2017,7,4,25.4,6.8,16.1,1.9,0,13.6,,TNNP,,11.1,2995.3
2017-07-05,2017,7,5,15.2,6.1,10.7,7.3,0,0,,TNNP,,5.65,3000.95
2017-07-06,2017,7,6,25.5,8.4,17,1,0,0,,TNNP,,11.95,3012.9
2017-07-07,2017,7,7,22.4,10.7,16.6,1.4,0,0,,TNNP,,11.55,3024.45
2017-07-08,2017,7,8,19,12.6,15.8,2.2,0,16.2,,TNNP,,10.8,3035.25
2017-07-09,2017,7,9,25.1,15.9,20.5,0,2.5,0,,TNNP,,15.5,3050.75
2017-07-10,2017,7,10,27,15.4,21.2,0,3.2,0,,TNNP,,16.2,3066.95
2017-07-11,2017,7,11,26.5,13.7,20.1,0,2.1,0,,TNNP,,15.1,3082.05
2017-07-12,2017,7,12,25.3,10.6,18,0,0,0,,TNNP,,12.95,3095
2017-07-13,2017,7,13,22.5,9.7,16.1,1.9,0,0,,TNNP,,11.1,3106.1
2017-07-14,2017,7,14,25.8,10.2,18,0,0,0,,TNNP,,13,3119.1
2017-07-15,2017,7,15,25.8,10.3,18.1,0,0.1,0,,TNNP,,13.05,3132.15
2017-07-16,2017,7,16,27.8,8.9,18.4,0,0.4,0,,TNNP,,13.35,3145.5
2017-07-17,2017,7,17,25.3,14.4,19.9,0,1.9,0,,TNNP,,14.85,3160.35
2017-07-18,2017,7,18,30.5,13.3,21.9,0,3.9,0,,TNNP,,16.9,3177.25
2017-07-19,2017,7,19,27.8,15.6,21.7,0,3.7,0,,TNNP,,16.7,3193.95
2017-07-20,2017,7,20,29.8,12.2,21,0,3,3.6,,TNNP,,16,3209.95
2017-07-21,2017,7,21,17.4,11.5,14.5,3.5,0,0.6,,TNNP,,9.45,3219.4
2017-07-22,2017,7,22,22,10.3,16.2,1.8,0,3.4,,TNNP,,11.15,3230.55
2017-07-23,2017,7,23,,9.8,,,,,,TNNP,,0,3230.55
2017-07-24,2017,7,24,22.1,9.3,15.7,2.3,0,0,,TNNP,,10.7,3241.25
2017-07-25,2017,7,25,20.8,9.2,15,3,0,0,,TNNP,,10,3251.25
2017-07-26,2017,7,26,26.2,9,17.6,0.4,0,0,,TNNP,,12.6,3263.85
2017-07-27,2017,7,27,29.6,10.8,20.2,0,2.2,0,,TNNP,,15.2,3279.05
2017-07-28,2017,7,28,22.6,10.5,16.6,1.4,0,0,,TNNP,,11.55,3290.6
2017-07-29,2017,7,29,25.5,9.9,17.7,0.3,0,1.4,,TNNP,,12.7,3303.3
2017-07-30,2017,7,30,16.6,11,13.8,4.2,0,6.2,,TNNP,,8.8,3312.1
2017-07-31,2017,7,31,25.1,11.1,18.1,0,0.1,0,,TNNP,,13.1,3325.2
2017-08-01,2017,8,1,16.8,10.2,13.5,4.5,0,4.1,,TNNP,,8.5,3333.7
2017-08-02,2017,8,2,15.1,9.2,12.2,5.8,0,1.5,,TNNP,,7.15,3340.85
2017-08-03,2017,8,3,22.5,9,15.7,2.3,0,0,,TNNP,,10.75,3351.6
2017-08-04,2017,8,4,18.8,10.7,14.8,3.2,0,0,,TNNP,,9.75,3361.35
2017-08-05,2017,8,5,24.9,10.8,17.9,0.1,0,0,,TNNP,,12.85,3374.2
2017-08-06,2017,8,6,26.3,12.8,19.6,0,1.6,0,,TNNP,,14.55,3388.75
2017-08-07,2017,8,7,18.5,12.7,15.6,2.4,0,7.9,,TNNP,,10.6,3399.35
2017-08-08,2017,8,8,23.9,11.1,17.5,0.5,0,3.8,,TNNP,,12.5,3411.85
2017-08-09,2017,8,9,22.8,13,17.9,0.1,0,11.4,,TNNP,,12.9,3424.75
2017-08-10,2017,8,10,25.5,12.2,18.9,0,0.9,0,,TNNP,,13.85,3438.6
2017-08-11,2017,8,11,26.9,11.5,19.2,0,1.2,0,,TNNP,,14.2,3452.8
2017-08-12,2017,8,12,27.6,11.1,19.4,0,1.4,0.7,,TNNP,,14.35,3467.15
2017-08-13,2017,8,13,22.1,11.6,16.9,1.1,0,8.6,,TNNP,,11.85,3479
2017-08-14,2017,8,14,26.4,12.8,19.6,0,1.6,0.9,,TNNP,,14.6,3493.6
2017-08-15,2017,8,15,24.3,9.8,17.1,0.9,0,0,,TNNP,,12.05,3505.65
2017-08-16,2017,8,16,18.6,8.7,13.7,4.3,0,0,,TNNP,,8.65,3514.3
2017-08-17,2017,8,17,22.2,11.2,16.7,1.3,0,2,,TNNP,,11.7,3526
2017-08-18,2017,8,18,12.1,7.5,9.8,8.2,0,10,,TNNP,,4.8,3530.8
2017-08-19,2017,8,19,14.7,7.2,11,7,0,0,,TNNP,,5.95,3536.75
2017-08-20,2017,8,20,18.5,6.9,12.7,5.3,0,6.9,,TNNP,,7.7,3544.45
2017-08-21,2017,8,21,24.9,13.6,19.3,0,1.3,0,,TNNP,,14.25,3558.7
2017-08-22,2017,8,22,28.4,12.4,20.4,0,2.4,0,,TNNP,,15.4,3574.1
2017-08-23,2017,8,23,23.9,13.4,18.7,0,0.7,0,,TNNP,,13.65,3587.75
2017-08-24,2017,8,24,26.8,15,20.9,0,2.9,2.8,,TNNP,,15.9,3603.65
2017-08-25,2017,8,25,20.9,12.4,16.7,1.3,0,25.1,,TNNP,,11.65,3615.3
2017-08-26,2017,8,26,13.4,8.3,10.9,7.1,0,12.1,,TNNP,,5.85,3621.15
2017-08-27,2017,8,27,13,6.8,9.9,8.1,0,0.6,,TNNP,,4.9,3626.05
2017-08-28,2017,8,28,21.9,6.5,14.2,3.8,0,0.7,,TNNP,,9.2,3635.25
2017-08-29,2017,8,29,21.4,10,15.7,2.3,0,0,,TNNP,,10.7,3645.95
2017-08-30,2017,8,30,21.1,9.5,15.3,2.7,0,0,,TNNP,,10.3,3656.25
2017-08-31,2017,8,31,18,8.7,13.4,4.6,0,6.2,,TNNP,,8.35,3664.6
2017-09-01,2017,9,1,15.7,9,12.4,5.6,0,1.3,,TNNP,,7.35,3671.95
2017-09-02,2017,9,2,19.1,6.9,13,5,0,3.3,,TNNP,,8,3679.95
2017-09-03,2017,9,3,21.2,6,13.6,4.4,0,0,,TNNP,,8.6,3688.55
2017-09-04,2017,9,4,18.3,7.8,13.1,4.9,0,6.3,,TNNP,,8.05,3696.6
2017-09-05,2017,9,5,22.8,13.6,18.2,0,0.2,0,,TNNP,,13.2,3709.8
2017-09-06,2017,9,6,25.4,15.1,20.3,0,2.3,0,,TNNP,,15.25,3725.05
2017-09-07,2017,9,7,27.2,17.5,22.4,0,4.4,0,,TNNP,,17.35,3742.4
2017-09-08,2017,9,8,21.7,12.2,17,1,0,2.9,,TNNP,,11.95,3754.35
2017-09-09,2017,9,9,17.9,11,14.5,3.5,0,0,,TNNP,,9.45,3763.8
2017-09-10,2017,9,10,11.5,9.1,10.3,7.7,0,3.4,,TNNP,,5.3,3769.1
2017-09-11,2017,9,11,10.9,8.9,9.9,8.1,0,7.4,,TNNP,,4.9,3774
2017-09-12,2017,9,12,11.3,9.2,10.3,7.7,0,16.9,,TNNP,,5.25,3779.25
2017-09-13,2017,9,13,12.1,7.1,9.6,8.4,0,0.6,,TNNP,,4.6,3783.85
2017-09-14,2017,9,14,24.2,7.4,15.8,2.2,0,0,,TNNP,,10.8,3794.65
2017-09-15,2017,9,15,20.5,8.7,14.6,3.4,0,0,,TNNP,,9.6,3804.25
2017-09-16,2017,9,16,15.4,5.6,10.5,7.5,0,4,,TNNP,,5.5,3809.75
2017-09-17,2017,9,17,15.6,5.6,10.6,7.4,0,0.6,,TNNP,,5.6,3815.35
2017-09-18,2017,9,18,16.4,6.1,11.3,6.7,0,0,,TNNP,,6.25,3821.6
2017-09-19,2017,9,19,14.7,5.9,10.3,7.7,0,0,,TNNP,,5.3,3826.9
2017-09-20,2017,9,20,17.6,13,15.3,2.7,0,12.5,,TNNP,,10.3,3837.2
2017-09-21,2017,9,21,15.7,5.8,10.8,7.2,0,0,,TNNP,,5.75,3842.95
2017-09-22,2017,9,22,19,5.5,12.3,5.7,0,0,,TNNP,,7.25,3850.2
2017-09-23,2017,9,23,21.3,6.7,14,4,0,0,,TNNP,,9,3859.2
2017-09-24,2017,9,24,9.7,5.1,7.4,10.6,0,0,,TNNP,,2.4,3861.6
2017-09-25,2017,9,25,16.2,6.7,11.5,6.5,0,0,,TNNP,,6.45,3868.05
2017-09-26,2017,9,26,19.5,2.3,10.9,7.1,0,7.7,,TNNP,,5.9,3873.95
2017-09-27,2017,9,27,11.8,1.1,6.5,11.5,0,14.8,,TNNP,,1.45,3875.4
2017-09-28,2017,9,28,,5.5,,,,,,TNNP,,0,3875.4
2017-09-29,2017,9,29,13.4,2.9,8.2,9.8,0,1.5,,TNNP,,3.15,3878.55
2017-09-30,2017,9,30,10.6,0.3,5.5,12.5,0,0,,TNNP,,0.45,3879
2017-10-01,2017,10,1,13.4,0.5,7,11,0,0,,TNNP,,1.95,3880.95
2017-10-02,2017,10,2,12.2,2.9,7.6,10.4,0,1,,TNNP,,2.55,3883.5
2017-10-03,2017,10,3,9.3,0,4.7,13.3,0,0,,TNNP,,0,3883.5
2017-10-04,2017,10,4,12.3,-0.2,6.1,11.9,0,0,,TNNP,,1.05,3884.55
2017-10-05,2017,10,5,17.7,6.6,12.2,5.8,0,0,,TNNP,,7.15,3891.7
2017-10-06,2017,10,6,17.9,4.6,11.3,6.7,0,0,,TNNP,,6.25,3897.95
2017-10-07,2017,10,7,15.9,4.8,10.4,7.6,0,0,,TNNP,,5.35,3903.3
2017-10-08,2017,10,8,16.1,5.7,10.9,7.1,0,2.1,,TNNP,,5.9,3909.2
2017-10-09,2017,10,9,23.7,11.9,17.8,0.2,0,0,,TNNP,,12.8,3922
2017-10-10,2017,10,10,21,11.1,16.1,1.9,0,2.2,,TNNP,,11.05,3933.05
2017-10-11,2017,10,11,13.8,3.4,8.6,9.4,0,0,,TNNP,,3.6,3936.65
2017-10-12,2017,10,12,10,-0.4,4.8,13.2,0,1.4,,TNNP,,0,3936.65
2017-10-13,2017,10,13,9.6,-0.6,4.5,13.5,0,0.6,,TNNP,,0,3936.65
2017-10-14,2017,10,14,11.8,-0.6,5.6,12.4,0,0,,TNNP,,0.6,3937.25
2017-10-15,2017,10,15,11.5,6.1,8.8,9.2,0,1.7,,TNNP,,3.8,3941.05
2017-10-16,2017,10,16,18.4,2.9,10.7,7.3,0,0.6,,TNNP,,5.65,3946.7
2017-10-17,2017,10,17,5.3,-1.4,2,16,0,0,,TNNP,,0,3946.7
2017-10-18,2017,10,18,7.1,-0.8,3.2,14.8,0,1.2,0,TNNP,,0,3946.7
2017-10-19,2017,10,19,11.6,3.9,7.8,10.2,0,0,0,TNNP,,2.75,3949.45
2017-10-20,2017,10,20,15.8,5.3,10.6,7.4,0,0,,TNNP,,5.55,3955
2017-10-21,2017,10,21,7.3,-1.2,3.1,14.9,0,1.2,,TNNP,,0,3955
2017-10-22,2017,10,22,3.4,-1.6,0.9,17.1,0,0.6,,TNNP,,0,3955
2017-10-23,2017,10,23,4.8,-1.8,1.5,16.5,0,0,0,TNNP,,0,3955
2017-10-24,2017,10,24,12.2,-0.7,5.8,12.2,0,0,0,TNNP,,0.75,3955.75
2017-10-25,2017,10,25,19.5,6.4,13,5,0,0,,TNNP,,7.95,3963.7
2017-10-26,2017,10,26,20.6,8,14.3,3.7,0,0,,TNNP,,9.3,3973
2017-10-27,2017,10,27,16.2,5.4,10.8,7.2,0,0,,TNNP,,5.8,3978.8
2017-10-28,2017,10,28,13.4,4.7,9.1,8.9,0,0,,TNNP,,4.05,3982.85
2017-10-29,2017,10,29,9.4,2.4,5.9,12.1,0,0,,TNNP,,0.9,3983.75
2017-10-30,2017,10,30,9.4,1.1,5.3,12.7,0,0,,TNNP,,0.25,3984
2017-10-31,2017,10,31,16.5,8.1,12.3,5.7,0,0.6,,TNNP,,7.3,3991.3
2017-11-01,2017,11,1,13.6,2.6,8.1,9.9,0,0,,TNNP,,3.1,3994.4
2017-11-02,2017,11,2,10.3,0.9,5.6,12.4,0,0,,TNNP,,0.6,3995
2017-11-03,2017,11,3,11,3.5,7.3,10.7,0,6.2,,TNNP,,2.25,3997.25
2017-11-04,2017,11,4,12.4,-0.2,6.1,11.9,0,17.8,,TNNP,,1.1,3998.35
2017-11-05,2017,11,5,3,-3.4,-0.2,18.2,0,0,,TNNP,,0,3998.35
2017-11-06,2017,11,6,13.3,-2.5,5.4,12.6,0,5.1,0,TNNP,,0.4,3998.75
2017-11-07,2017,11,7,13.7,0.2,7,11,0,16.9,,TNNP,,1.95,4000.7
2017-11-08,2017,11,8,4.1,-0.4,1.9,16.1,0,0,,TNNP,,0,4000.7
2017-11-09,2017,11,9,2.6,-0.1,1.3,16.7,0,0,,TNNP,,0,4000.7
2017-11-10,2017,11,10,6.9,-0.5,3.2,14.8,0,8.6,0,TNNP,,0,4000.7
2017-11-11,2017,11,11,6.7,-1.4,2.7,15.3,0,0.6,0,TNNP,,0,4000.7
2017-11-12,2017,11,12,5.3,-2.4,1.5,16.5,0,0,0,TNNP,,0,4000.7
2017-11-13,2017,11,13,5.6,-2.6,1.5,16.5,0,0,0,TNNP,,0,4000.7
2017-11-14,2017,11,14,3,-2,0.5,17.5,0,0,0,TNNP,,0,4000.7
2017-11-15,2017,11,15,1.2,-6,-2.4,20.4,0,0,0,TNNP,,0,4000.7
2017-11-16,2017,11,16,3.9,-6.6,-1.4,19.4,0,0,0,TNNP,,0,4000.7
2017-11-17,2017,11,17,1.8,-2.6,-0.4,18.4,0,5.1,0,TNNP,,0,4000.7
2017-11-18,2017,11,18,5.1,1.6,3.4,14.6,0,1.4,0,TNNP,,0,4000.7
2017-11-19,2017,11,19,5.8,-1,2.4,15.6,0,0,0,TNNP,,0,4000.7
2017-11-20,2017,11,20,12.1,-0.7,5.7,12.3,0,2.7,0,TNNP,,0.7,4001.4
2017-11-21,2017,11,21,2.8,-2.6,0.1,17.9,0,0,,TNNP,,0,4001.4
2017-11-22,2017,11,22,5.6,-3.7,1,17,0,0,,TNNP,,0,4001.4
2017-11-23,2017,11,23,7.9,-2.6,2.7,15.3,0,6,,TNNP,,0,4001.4
2017-11-24,2017,11,24,4.9,-2.3,1.3,16.7,0,0,0,TNNP,,0,4001.4
2017-11-25,2017,11,25,6,-4.6,0.7,17.3,0,0,0,TNNP,,0,4001.4
2017-11-26,2017,11,26,9,4,6.5,11.5,0,6.8,0,TNNP,,1.5,4002.9
2017-11-27,2017,11,27,7,-3,2,16,0,0.7,0,TNNP,,0,4002.9
2017-11-28,2017,11,28,0.5,-5.7,-2.6,20.6,0,0.7,0,TNNP,,0,4002.9
2017-11-29,2017,11,29,5,-7,-1,19,0,0.6,0,TNNP,,0,4002.9
2017-11-30,2017,11,30,4.8,-5.7,-0.5,18.5,0,3.7,0,TNNP,,0,4002.9
2017-12-01,2017,12,1,1.9,-6.7,-2.4,20.4,0,0.6,0,TNNP,,0,4002.9
2017-12-02,2017,12,2,-0.5,-4,-2.3,20.3,0,0,0,TNNP,,0,4002.9
2017-12-03,2017,12,3,-0.6,-3.7,-2.2,20.2,0,0.6,0,TNNP,,0,4002.9
2017-12-04,2017,12,4,-0.1,-1.6,-0.9,18.9,0,1.2,0,TNNP,,0,4002.9
2017-12-05,2017,12,5,0.6,-2.6,-1,19,0,0,0,TNNP,,0,4002.9
2017-12-06,2017,12,6,2.8,-2.6,0.1,17.9,0,0.6,0,TNNP,,0,4002.9
2017-12-07,2017,12,7,3.9,-3,0.5,17.5,0,2.7,0,TNNP,,0,4002.9
2017-12-08,2017,12,8,2.7,-3.4,-0.4,18.4,0,0,0,TNNP,,0,4002.9
2017-12-09,2017,12,9,1.4,-2.7,-0.7,18.7,0,1.4,0,TNNP,,0,4002.9
2017-12-10,2017,12,10,12.4,-0.7,5.9,12.1,0,36.7,0,TNNP,,0.85,4003.75
2017-12-11,2017,12,11,2.9,-2.2,0.4,17.6,0,0.7,,TNNP,,0,4003.75
2017-12-12,2017,12,12,-1.5,-4.2,-2.9,20.9,0,2.7,0,TNNP,,0,4003.75
2017-12-13,2017,12,13,7.8,-1.9,3,15,0,7.9,2,TNNP,,0,4003.75
2017-12-14,2017,12,14,8.7,-0.4,4.2,13.8,0,17,0,TNNP,,0,4003.75
2017-12-15,2017,12,15,0.1,-4.9,-2.4,20.4,0,0.7,4,TNNP,,0,4003.75
2017-12-16,2017,12,16,-3.4,-6.7,-5.1,23.1,0,17.4,4,TNNP,,0,4003.75
2017-12-17,2017,12,17,-5.3,-8.2,-6.8,24.8,0,0,16,TNNP,,0,4003.75
2017-12-18,2017,12,18,-5.4,-12.4,-8.9,26.9,0,0.6,15,TNNP,,0,4003.75
2017-12-19,2017,12,19,-1.3,-10.7,-6,24,0,0.6,12,TNNP,,0,4003.75
2017-12-20,2017,12,20,2.8,-2,0.4,17.6,0,6.1,16,TNNP,,0,4003.75
2017-12-21,2017,12,21,-0.9,-3.9,-2.4,20.4,0,0,14,TNNP,,0,4003.75
2017-12-22,2017,12,22,-1.9,-7.2,-4.6,22.6,0,0.6,13,TNNP,,0,4003.75
2017-12-23,2017,12,23,-2.2,-7.8,-5,23,0,0,12,TNNP,,0,4003.75
2017-12-24,2017,12,24,6.4,-4.9,0.8,17.2,0,10.6,19,TNNP,,0,4003.75
2017-12-25,2017,12,25,3.6,-7,-1.7,19.7,0,11.2,14,TNNP,,0,4003.75
2017-12-26,2017,12,26,2.6,-7,-2.2,20.2,0,0,17,TNNP,,0,4003.75
2017-12-27,2017,12,27,-7,-9.9,-8.5,26.5,0,0.6,17,TNNP,,0,4003.75
2017-12-28,2017,12,28,-3.1,-9.9,-6.5,24.5,0,0.6,16,TNNP,,0,4003.75
2017-12-29,2017,12,29,-2.2,-6.9,-4.6,22.6,0,4.6,20,TNNP,,0,4003.75
2017-12-30,2017,12,30,-4.5,-10.6,-7.6,25.6,0,1.3,21,TNNP,,0,4003.75
2017-12-31,2017,12,31,-2.8,-11.3,-7.1,25.1,0,0.7,21,TNNP,,0,4003.75
